chromosome	start	end	gene	log2	depth	spread
chr1	1787287	1787377	GNB1	0.156017	6377.71	0.0427015
chr1	1787377	1787467	GNB1	-0.663319	3634.52	0.0543804
chr1	1787467	1787558	GNB1	-2.50287	1009.81	0.114892
chr1	1789027	1789118	GNB1	-0.0988947	5306.32	0.0545647
chr1	1789118	1789209	GNB1	0.49707	8045.66	0.0381494
chr1	1789209	1789300	GNB1	0.419995	7646.01	0.0389849
chr1	1789300	1789392	GNB1	-2.43084	1066.58	0.089504
chr1	1790296	1790407	GNB1	-0.236312	4875.19	0.0426721
chr1	1790407	1790519	GNB1	0.245607	6809.76	0.0344953
chr1	1790519	1790631	GNB1	-0.0310212	5605.2	0.0385184
chr1	1793078	1793174	GNB1	-2.54122	971.08	0.118232
chr1	1793174	1793270	GNB1	-0.690993	3546.18	0.0566221
chr1	1793270	1793366	GNB1	-0.00373762	5692.96	0.0532452
chr1	1804396	1804498	GNB1	-0.198975	4964.22	0.0261983
chr1	1804498	1804600	GNB1	-0.63099	3690.7	0.0419851
chr1	1804600	1804702	GNB1	-2.44353	1046.52	0.0975953
chr1	1806340	1806450	GNB1	-2.13908	1304.15	0.0860292
chr1	1806450	1806560	GNB1	-0.314353	4587.72	0.0478221
chr1	1815673	1815765	GNB1	-0.353277	4486.22	0.0407155
chr1	1815765	1815857	GNB1	0.551591	8411.73	0.0423953
chr1	1815857	1815950	GNB1	-0.439963	4202.85	0.0418755
chr1	1817684	1817791	GNB1	-2.21892	1234.09	0.0928988
chr1	1817791	1817899	GNB1	-0.376405	4416.84	0.0500758
chr1	1825267	1825374	GNB1	-1.92199	1508.82	0.0999388
chr1	1825374	1825481	GNB1	-0.176189	5070.62	0.0603703
chr1	36466069	36466168	CSF3R	-0.024015	5590.96	0.059836
chr1	36466168	36466267	CSF3R	0.0531833	5960.14	0.0512562
chr1	36466267	36466366	CSF3R	-0.503098	4027.89	0.0728287
chr1	36466366	36466465	CSF3R	-0.280803	4704.37	0.0773821
chr1	36466465	36466564	CSF3R	-0.146288	5144.13	0.0478752
chr1	36466564	36466663	CSF3R	0.343367	7251.82	0.0331516
chr1	36466663	36466762	CSF3R	-0.380685	4393.68	0.0411724
chr1	36466762	36466861	CSF3R	-0.159238	5113.63	0.0461096
chr1	36466861	36466961	CSF3R	0.0543426	5912	0.0502239
chr1	36467118	36467238	CSF3R	0.0400555	5893.09	0.0452928
chr1	36467238	36467359	CSF3R	0.0221839	5820.28	0.0339495
chr1	36467452	36467568	CSF3R	-0.158601	5123.03	0.0442323
chr1	36467568	36467685	CSF3R	-0.217458	4912.82	0.0412281
chr1	36467742	36467838	CSF3R	-0.277756	4730.44	0.0453506
chr1	36467838	36467935	CSF3R	-0.140826	5180.31	0.063907
chr1	36467935	36468032	CSF3R	0.171007	6437.56	0.0827395
chr1	36468032	36468129	CSF3R	0.90065	10664.3	0.0645321
chr1	36468129	36468226	CSF3R	0.60245	8673.95	0.0540637
chr1	36468226	36468323	CSF3R	-1.018	2803.98	0.108958
chr1	36468323	36468420	CSF3R	-2.68289	887.582	0.0995942
chr1	43337725	43337838	MPL	-2.20863	1241.98	0.0826613
chr1	43337838	43337951	MPL	-0.407915	4332.24	0.0541831
chr1	43338058	43338164	MPL	-0.110614	5285.34	0.0622005
chr1	43338164	43338270	MPL	-0.635793	3690.59	0.0599482
chr1	43338270	43338376	MPL	-2.31638	1142.46	0.127736
chr1	43338447	43338552	MPL	-0.211853	4928.99	0.0331675
chr1	43338552	43338657	MPL	0.279745	6944.72	0.031541
chr1	43338657	43338762	MPL	-0.0864435	5372.98	0.0378344
chr1	43338762	43338867	MPL	-2.57935	975.653	0.0696945
chr1	43339143	43339233	MPL	-2.53219	983.531	0.113248
chr1	43339233	43339323	MPL	-0.911451	3035.42	0.077545
chr1	43339323	43339413	MPL	0.586144	8561.84	0.041557
chr1	43339413	43339503	MPL	0.387881	7494.82	0.0331776
chr1	43339503	43339594	MPL	0.0213574	5830.52	0.0328998
chr1	43339907	43340011	MPL	0.0400785	5905.38	0.0468279
chr1	43340011	43340115	MPL	0.0825818	6072.59	0.0447497
chr1	43340115	43340219	MPL	0.141638	6301.27	0.0413938
chr1	43340300	43340415	MPL	-0.0822116	5388.08	0.0411311
chr1	43340415	43340530	MPL	-0.18307	5066.33	0.0422282
chr1	43340530	43340645	MPL	-2.04414	1383.44	0.0876966
chr1	43346400	43346499	MPL	0.0303773	5895.13	0.0386082
chr1	43346499	43346599	MPL	0.494208	8066.38	0.0398625
chr1	43346599	43346699	MPL	0.0563367	5942.87	0.0375508
chr1	43346699	43346798	MPL	-1.25265	2402.78	0.0770712
chr1	43346798	43346898	MPL	-0.314777	4606.7	0.0348099
chr1	43346898	43346998	MPL	-0.143428	5165.33	0.0491351
chr1	43348806	43348902	MPL	-0.317414	4585.81	0.0414142
chr1	43348902	43348998	MPL	-0.341658	4523.74	0.0530649
chr1	43348998	43349095	MPL	-1.2071	2480.48	0.094021
chr1	43349095	43349191	MPL	-1.21705	2460.59	0.120395
chr1	43349191	43349288	MPL	-0.0407279	5542.25	0.0878227
chr1	43349288	43349384	MPL	-0.160805	5099.11	0.0901747
chr1	43349384	43349481	MPL	-1.05094	2747.44	0.0582056
chr1	43352047	43352143	MPL	-2.74675	855.414	0.0958362
chr1	43352143	43352239	MPL	-0.849945	3157	0.103369
chr1	43352239	43352335	MPL	-0.295965	4613.21	0.10784
chr1	43352335	43352432	MPL	-0.935196	2976.97	0.0987083
chr1	43352432	43352528	MPL	-0.82639	3178.53	0.126463
chr1	43352528	43352624	MPL	-0.248239	4757.82	0.0952507
chr1	43352624	43352720	MPL	-0.171871	5083.5	0.0646238
chr1	43352720	43352817	MPL	0.035769	5876.11	0.0469389
chr1	114708424	114708531	NRAS	-0.376253	4379.25	0.0565088
chr1	114708531	114708639	NRAS	0.860508	10345.2	0.0365828
chr1	114708639	114708747	NRAS	-0.0206965	5612.96	0.0508468
chr1	114708747	114708855	NRAS	-2.06739	1355.44	0.120394
chr1	114709462	114709563	NRAS	-0.323249	4552.69	0.0599392
chr1	114709563	114709665	NRAS	1.059	11910.3	0.0347785
chr1	114709665	114709767	NRAS	0.292489	6990.8	0.0458708
chr1	114709767	114709869	NRAS	-2.08952	1327.67	0.121282
chr1	114713588	114713691	NRAS	-0.0441056	5546.81	0.0387763
chr1	114713691	114713795	NRAS	0.375934	7430.27	0.062564
chr1	114713795	114713899	NRAS	0.184235	6454.94	0.0991338
chr1	114713899	114714003	NRAS	-1.27076	2335.99	0.133307
chr1	114714003	114714107	NRAS	-1.35617	2211.21	0.168172
chr1	114715930	114716022	NRAS	-2.29988	1150.54	0.1204
chr1	114716022	114716114	NRAS	0.415716	7593.59	0.0441409
chr1	114716114	114716206	NRAS	0.74274	9517.46	0.0494162
chr1	114716206	114716299	NRAS	-2.54282	976.223	0.105527
chr2	25234019	25234119	DNMT3A	-2.38454	1091.81	0.113369
chr2	25234119	25234220	DNMT3A	0.245203	6774.53	0.0550925
chr2	25234220	25234321	DNMT3A	0.8156	10085.1	0.0315903
chr2	25234321	25234421	DNMT3A	0.71298	9359.92	0.0376899
chr2	25234421	25234522	DNMT3A	-0.791832	3309.64	0.0592887
chr2	25234522	25234623	DNMT3A	-2.63222	921.358	0.0940887
chr2	25235509	25235619	DNMT3A	-2.32031	1137.25	0.113785
chr2	25235619	25235730	DNMT3A	-0.103684	5303.99	0.0558215
chr2	25235730	25235840	DNMT3A	1.01449	11567.1	0.025718
chr2	25235840	25235951	DNMT3A	-1.03386	2801.88	0.0407627
chr2	25236801	25236905	DNMT3A	-2.43894	1060.7	0.0680279
chr2	25236905	25237010	DNMT3A	0.0686463	5990.32	0.0466184
chr2	25237010	25237115	DNMT3A	0.115579	6195.63	0.0460872
chr2	25237115	25237220	DNMT3A	-2.31419	1160.49	0.0865552
chr2	25238999	25239106	DNMT3A	-2.31788	1145.47	0.0905234
chr2	25239106	25239213	DNMT3A	0.0382313	5850.43	0.0400813
chr2	25239213	25239320	DNMT3A	-0.00719847	5669.34	0.0343114
chr2	25239320	25239427	DNMT3A	-2.34432	1121.26	0.0770888
chr2	25240162	25240267	DNMT3A	-0.238676	4813.41	0.0490515
chr2	25240267	25240372	DNMT3A	0.800429	9961.35	0.0593922
chr2	25240372	25240477	DNMT3A	0.425702	7699.96	0.0644531
chr2	25240477	25240582	DNMT3A	-1.51159	2006.19	0.0957674
chr2	25240582	25240687	DNMT3A	-0.7827	3338.15	0.063283
chr2	25240687	25240792	DNMT3A	-0.0144051	5640.19	0.0362119
chr2	25241435	25241535	DNMT3A	-2.4019	1082.88	0.117084
chr2	25241535	25241635	DNMT3A	-0.287678	4684.6	0.0760799
chr2	25241635	25241735	DNMT3A	0.244231	6777.66	0.0796719
chr2	25241735	25241836	DNMT3A	-2.37845	1097.84	0.126265
chr2	25243744	25243848	DNMT3A	-2.3598	1122.39	0.077117
chr2	25243848	25243953	DNMT3A	0.298272	7056.96	0.0369862
chr2	25243953	25244057	DNMT3A	0.239252	6780.27	0.0378859
chr2	25244057	25244162	DNMT3A	-0.222306	4821.82	0.0744287
chr2	25244162	25244267	DNMT3A	0.520912	8269.03	0.08884
chr2	25244267	25244371	DNMT3A	0.0554425	5979.01	0.059586
chr2	25244371	25244476	DNMT3A	-0.954179	2944	0.0359547
chr2	25244476	25244580	DNMT3A	-0.214549	4923.88	0.056231
chr2	25244580	25244685	DNMT3A	0.31249	7111.98	0.0597261
chr2	25244685	25244790	DNMT3A	-2.36002	1113.54	0.0976778
chr2	25245071	25245179	DNMT3A	-2.07127	1369.95	0.107693
chr2	25245179	25245288	DNMT3A	0.094445	6137.25	0.0600711
chr2	25245288	25245396	DNMT3A	0.0973163	6127.35	0.046861
chr2	25245396	25245505	DNMT3A	-2.17607	1265.19	0.0652637
chr2	25245957	25246048	DNMT3A	0.349571	7272.49	0.0507371
chr2	25246048	25246139	DNMT3A	0.189818	6546.66	0.0604259
chr2	25246139	25246231	DNMT3A	0.314039	7154.78	0.0639994
chr2	25246231	25246322	DNMT3A	0.609119	8723.11	0.0495966
chr2	25246322	25246414	DNMT3A	-1.00492	2849.58	0.0427517
chr2	25246493	25246597	DNMT3A	-2.17507	1269.32	0.113093
chr2	25246597	25246702	DNMT3A	0.0978074	6136.61	0.0394277
chr2	25246702	25246806	DNMT3A	0.0289651	5804.7	0.0414737
chr2	25246806	25246911	DNMT3A	-2.51314	1000.86	0.0750446
chr2	25247016	25247108	DNMT3A	-0.0197226	5612.12	0.0403308
chr2	25247108	25247200	DNMT3A	-0.764376	3369.77	0.0473525
chr2	25247200	25247293	DNMT3A	-2.55675	964.274	0.13295
chr2	25247544	25247651	DNMT3A	0.0773645	6083.45	0.0530812
chr2	25247651	25247759	DNMT3A	0.00401584	5737.14	0.0639812
chr2	25247759	25247867	DNMT3A	-0.0819097	5419.9	0.0365111
chr2	25247972	25248067	DNMT3A	0.0536711	5971.5	0.0529547
chr2	25248067	25248163	DNMT3A	0.0208588	5776.44	0.0596638
chr2	25248163	25248258	DNMT3A	0.46934	7945.6	0.0407904
chr2	25248258	25248354	DNMT3A	-0.0953219	5353.77	0.0485169
chr2	25248354	25248450	DNMT3A	-2.70518	884.766	0.114677
chr2	25249532	25249638	DNMT3A	-2.19649	1256.34	0.0763188
chr2	25249638	25249744	DNMT3A	-0.36329	4419.9	0.0492611
chr2	25252118	25252228	DNMT3A	-0.879997	3132.34	0.0990835
chr2	25252228	25252338	DNMT3A	-3.86141	395.915	0.0847808
chr2	25274864	25274953	DNMT3A	-0.0327545	5587.66	0.0465316
chr2	25274953	25275042	DNMT3A	0.366601	7393.15	0.0426205
chr2	25275042	25275131	DNMT3A	0.287397	6963.79	0.043826
chr2	25275131	25275220	DNMT3A	-3.14439	643.133	0.113558
chr2	25275477	25275585	DNMT3A	-0.355108	4476.35	0.0424463
chr2	25275585	25275694	DNMT3A	-2.29137	1164.99	0.0814826
chr2	25282339	25282446	DNMT3A	0.0207512	5818.14	0.0383831
chr2	25282446	25282553	DNMT3A	-0.172739	5079.25	0.0588086
chr2	25282553	25282660	DNMT3A	-0.0482113	5526.15	0.0753673
chr2	25282660	25282767	DNMT3A	0.239895	6737.23	0.0438266
chr2	25299988	25300080	DNMT3A	0.268402	6855.29	0.0461182
chr2	25300080	25300172	DNMT3A	0.349739	7328.5	0.0586605
chr2	25300172	25300264	DNMT3A	0.330164	7228.86	0.0493587
chr2	25300264	25300357	DNMT3A	-0.951588	2955.36	0.0457322
chr2	25313820	25313909	DNMT3A	-0.411156	4280.91	0.0462365
chr2	25313909	25313998	DNMT3A	0.31896	7144.79	0.0440171
chr2	25313998	25314087	DNMT3A	-0.452381	4158.07	0.0407863
chr2	197401622	197401729	SF3B1	-1.09769	2651.2	0.101875
chr2	197401729	197401837	SF3B1	0.907474	10680.5	0.0707339
chr2	197401837	197401944	SF3B1	0.978027	11258	0.0598734
chr2	197401944	197402052	SF3B1	0.877429	10565.4	0.0419233
chr2	197402052	197402159	SF3B1	0.707792	9351.12	0.0429804
chr2	197402159	197402267	SF3B1	-1.98104	1432.17	0.131325
chr2	197402351	197402447	SF3B1	-2.42499	1054.2	0.152743
chr2	197402447	197402543	SF3B1	-0.736549	3435.19	0.0859037
chr2	197402543	197402640	SF3B1	0.41457	7642.47	0.0649878
chr2	197402640	197402736	SF3B1	0.665766	9040.99	0.055439
chr2	197402736	197402832	SF3B1	0.941948	10962.4	0.0349902
chr2	197402832	197402929	SF3B1	1.04293	11838	0.04772
chr2	197402929	197403025	SF3B1	0.849222	10312.4	0.0607544
chr2	197403025	197403122	SF3B1	-0.338535	4465.56	0.0889258
chr2	197403475	197403570	SF3B1	0.132759	6270.24	0.0631945
chr2	197403570	197403666	SF3B1	0.607739	8760.7	0.0372752
chr2	197403666	197403761	SF3B1	1.3342	14426	0.0318514
chr2	197403761	197403857	SF3B1	0.619169	8789.67	0.0458844
chr2	197403857	197403953	SF3B1	-1.83635	1608.73	0.121517
chr2	208248260	208248366	IDH1	0.159243	6405.08	0.0458278
chr2	208248366	208248472	IDH1	0.0985588	6142.88	0.0578609
chr2	208248472	208248578	IDH1	0.207037	6579.57	0.0553087
chr2	208248578	208248685	IDH1	-0.0446697	5501.99	0.0740934
chr3	128480946	128481052	GATA2	-0.245608	4797.78	0.0661713
chr3	128481052	128481159	GATA2	-0.520871	3981.86	0.0626798
chr3	128481159	128481265	GATA2	0.202476	6588.79	0.0486255
chr3	128481265	128481372	GATA2	-0.296384	4654.91	0.0725045
chr3	128481372	128481479	GATA2	-2.48465	1029.92	0.0667248
chr3	128481674	128481770	GATA2	-3.24046	595.35	0.1377
chr3	128481770	128481867	GATA2	-0.168637	5055.86	0.0646934
chr3	128481867	128481964	GATA2	0.000261033	5703.14	0.0495622
chr3	128481964	128482061	GATA2	-3.13096	651.468	0.0807899
chr3	128483816	128483920	GATA2	-0.0274264	5608.52	0.0358671
chr3	128483920	128484025	GATA2	-0.538353	3922.09	0.0635993
chr3	128484025	128484130	GATA2	-2.38804	1087.53	0.103224
chr3	128485688	128485794	GATA2	-0.084815	5386.72	0.0468136
chr3	128485794	128485901	GATA2	0.290284	6948.79	0.112174
chr3	128485901	128486008	GATA2	0.503584	8079.67	0.113802
chr3	128486008	128486114	GATA2	-0.194695	4971.72	0.112632
chr3	128486114	128486221	GATA2	-0.744143	3380.87	0.111111
chr3	128486221	128486328	GATA2	-0.671702	3557.73	0.115866
chr3	128486328	128486435	GATA2	-0.707558	3463.82	0.128721
chr3	128486654	128486756	GATA2	-2.70836	873.917	0.106852
chr3	128486756	128486858	GATA2	-0.741019	3436.61	0.0652812
chr3	128486858	128486960	GATA2	0.870024	10479.9	0.0508852
chr3	128486960	128487062	GATA2	-0.39709	4330.52	0.0566475
chr3	128487062	128487164	GATA2	-2.58032	959.498	0.0960053
chr4	54695316	54695414	KIT	-0.0810734	5382.96	0.0350263
chr4	54695414	54695512	KIT	0.251209	6781.24	0.0587016
chr4	54695512	54695610	KIT	-0.265692	4731.33	0.0892934
chr4	54695610	54695708	KIT	-0.307853	4606.71	0.098173
chr4	54695708	54695806	KIT	-0.744681	3404.59	0.0902389
chr4	54695806	54695904	KIT	-2.5687	959.729	0.135138
chr4	54723475	54723590	KIT	-0.0420277	5515.06	0.053975
chr4	54723590	54723705	KIT	1.05497	11823.4	0.0416029
chr4	54723705	54723821	KIT	-0.712257	3468.88	0.0601792
chr4	54725731	54725839	KIT	0.0347194	5828.77	0.0744521
chr4	54725839	54725948	KIT	0.487876	7981.69	0.0491207
chr4	54725948	54726057	KIT	0.61673	8752.66	0.0459824
chr4	54726057	54726166	KIT	-1.64843	1801.88	0.10273
chr4	54727195	54727285	KIT	0.353381	7270.7	0.0633647
chr4	54727285	54727376	KIT	-0.234683	4809.29	0.0840058
chr4	54727376	54727467	KIT	0.219077	6651.85	0.0517963
chr4	54727467	54727558	KIT	0.553324	8348.85	0.0439318
chr4	54727558	54727649	KIT	-0.652544	3604.49	0.071929
chr4	54727696	54727805	KIT	-0.14793	5141.54	0.052827
chr4	54727805	54727914	KIT	-0.244238	4822.99	0.0477425
chr4	54727914	54728023	KIT	0.242516	6798.89	0.0438824
chr4	54728023	54728132	KIT	0.821985	10151	0.0379782
chr4	54728132	54728242	KIT	-1.31744	2290.23	0.0617965
chr4	54732884	54732987	KIT	-1.93339	1507.29	0.112009
chr4	54732987	54733090	KIT	0.725307	9431.31	0.0504637
chr4	54733090	54733193	KIT	0.856789	10299.9	0.059718
chr4	54733193	54733297	KIT	0.179677	6456.57	0.0686722
chr4	105233910	105234009	TET2	-0.106806	5316.71	0.0597306
chr4	105234009	105234109	TET2	0.0166516	5814.71	0.044877
chr4	105234109	105234209	TET2	0.485041	8013.01	0.020124
chr4	105234209	105234309	TET2	-0.0978031	5373.44	0.0562188
chr4	105234309	105234409	TET2	0.657482	8988.27	0.0281676
chr4	105234409	105234509	TET2	0.0564518	5958.07	0.0556045
chr4	105234509	105234609	TET2	0.0228224	5822.35	0.0452217
chr4	105234609	105234709	TET2	0.629105	8821.17	0.0354416
chr4	105234709	105234809	TET2	-0.192084	4999.74	0.0559236
chr4	105234809	105234909	TET2	0.395181	7480.06	0.0451749
chr4	105234909	105235009	TET2	-0.188908	5036.91	0.0488543
chr4	105235009	105235109	TET2	0.350121	7280.52	0.0407939
chr4	105235109	105235209	TET2	0.140844	6314.3	0.04661
chr4	105235209	105235309	TET2	0.398212	7536.54	0.0332522
chr4	105235309	105235409	TET2	0.0981628	6097.86	0.0293498
chr4	105235409	105235509	TET2	-0.082256	5375.61	0.0529526
chr4	105235509	105235609	TET2	0.331851	7191.54	0.0425764
chr4	105235609	105235709	TET2	0.403791	7553.15	0.0420132
chr4	105235709	105235809	TET2	0.105636	6112.84	0.0630802
chr4	105235809	105235909	TET2	0.191541	6546.18	0.0409186
chr4	105235909	105236009	TET2	0.535739	8314.21	0.029361
chr4	105236009	105236109	TET2	0.392046	7518.14	0.0383369
chr4	105236109	105236209	TET2	0.0721957	6056.76	0.0646408
chr4	105236209	105236309	TET2	0.416364	7653.57	0.0549286
chr4	105236309	105236409	TET2	0.385261	7509.07	0.0505697
chr4	105236409	105236509	TET2	0.407853	7597.67	0.0343136
chr4	105236509	105236609	TET2	0.151363	6352.71	0.0629146
chr4	105236609	105236709	TET2	-0.300266	4631.84	0.0594431
chr4	105236709	105236809	TET2	-0.112119	5255.5	0.0713108
chr4	105236809	105236909	TET2	-0.177674	5030.74	0.0675613
chr4	105236909	105237009	TET2	-0.157283	5119.97	0.0417532
chr4	105237009	105237109	TET2	0.564129	8396.54	0.0318201
chr4	105237109	105237209	TET2	0.138019	6302.79	0.0415807
chr4	105237209	105237309	TET2	-0.0683743	5474.75	0.0527705
chr4	105237309	105237409	TET2	0.946261	10991.7	0.0343916
chr4	105237409	105237509	TET2	0.188261	6492.26	0.0537449
chr4	105237509	105237609	TET2	-1.97117	1454.35	0.115337
chr4	105241180	105241296	TET2	-1.80552	1626.65	0.122096
chr4	105241296	105241412	TET2	0.0760904	6019.67	0.0613029
chr4	105241412	105241529	TET2	0.245506	6758.91	0.0327588
chr4	105242635	105242741	TET2	-1.96709	1464.22	0.105699
chr4	105242741	105242847	TET2	0.295563	7015.97	0.0349871
chr4	105242847	105242953	TET2	0.899818	10684.5	0.0301172
chr4	105242953	105243060	TET2	-1.38958	2191.76	0.0678789
chr4	105243354	105243452	TET2	0.0262136	5786.44	0.0365594
chr4	105243452	105243550	TET2	0.540893	8296.89	0.0499649
chr4	105243550	105243648	TET2	0.46942	7889.11	0.0554108
chr4	105243648	105243746	TET2	0.653505	8993.91	0.0429884
chr4	105243746	105243844	TET2	-0.0353082	5580.06	0.056197
chr4	105243844	105243942	TET2	-2.48359	1025.1	0.107571
chr4	105259472	105259583	TET2	-1.87704	1540.2	0.109308
chr4	105259583	105259694	TET2	0.0312142	5827.7	0.0608663
chr4	105259694	105259805	TET2	-0.121652	5220.5	0.06458
chr4	105261638	105261726	TET2	-2.44356	1045.32	0.12619
chr4	105261726	105261815	TET2	0.301502	6988.93	0.0751251
chr4	105261815	105261904	TET2	0.325251	7109.11	0.0766841
chr4	105261904	105261993	TET2	-2.55693	962.248	0.135287
chr4	105269561	105269672	TET2	-0.310592	4571.36	0.063231
chr4	105269672	105269784	TET2	-0.166229	5084.25	0.0556101
chr4	105272289	105272390	TET2	-0.782199	3310.09	0.0444483
chr4	105272390	105272492	TET2	0.904506	10741.2	0.0424293
chr4	105272492	105272594	TET2	0.943106	10989.7	0.0703746
chr4	105272594	105272696	TET2	0.587347	8590.71	0.0564546
chr4	105272696	105272798	TET2	0.680245	9109.31	0.0465627
chr4	105272798	105272900	TET2	0.556191	8405.55	0.0502282
chr4	105272900	105273002	TET2	0.394636	7520.64	0.0445164
chr4	105273002	105273104	TET2	-2.28937	1177.51	0.0924429
chr4	105274930	105275029	TET2	-0.150971	5124.19	0.0438988
chr4	105275029	105275128	TET2	-0.122781	5225.04	0.0557017
chr4	105275128	105275227	TET2	-0.227577	4874.93	0.0587444
chr4	105275227	105275326	TET2	0.526892	8224.44	0.0379953
chr4	105275326	105275425	TET2	0.0009899	5720.32	0.042944
chr4	105275425	105275524	TET2	0.0109134	5782.33	0.0387303
chr4	105275524	105275623	TET2	0.304128	7005.22	0.0437542
chr4	105275623	105275722	TET2	0.104081	6119.4	0.0449747
chr4	105275722	105275822	TET2	0.0286136	5828.43	0.043277
chr4	105275822	105275921	TET2	0.230937	6685.19	0.0355859
chr4	105275921	105276020	TET2	0.228528	6709.28	0.0339195
chr4	105276020	105276119	TET2	-0.226673	4888.24	0.0609536
chr4	105276119	105276218	TET2	0.466922	7886.23	0.0405295
chr4	105276218	105276317	TET2	0.187927	6505	0.0490145
chr4	105276317	105276416	TET2	0.208132	6591.73	0.0490003
chr4	105276416	105276515	TET2	0.569784	8466.73	0.0330783
chr4	105276515	105276615	TET2	-0.897639	3056.7	0.0574999
chr5	171410384	171410490	NPM1	0.225488	6672.37	0.0486713
chr5	171410490	171410596	NPM1	1.36001	14663.4	0.03868
chr5	171410596	171410703	NPM1	-0.43107	4237.93	0.0632843
chr5	177511650	177511753	DDX41	-2.31927	1152.47	0.084353
chr5	177511753	177511856	DDX41	-0.250174	4833.16	0.0656045
chr5	177511856	177511959	DDX41	0.251766	6815.6	0.0567416
chr5	177511959	177512062	DDX41	-0.574149	3845.27	0.0405233
chr5	177512062	177512165	DDX41	-0.145187	5180.24	0.0541273
chr5	177512165	177512268	DDX41	-0.727419	3478.51	0.0633095
chr5	177512268	177512371	DDX41	0.2815	6952.45	0.0546092
chr5	177512371	177512475	DDX41	0.576658	8539.34	0.0561226
chr5	177512475	177512578	DDX41	0.742796	9589.68	0.0564979
chr5	177512578	177512681	DDX41	0.328239	7188.05	0.0509068
chr5	177512681	177512784	DDX41	-0.381966	4401.62	0.0472282
chr5	177512784	177512887	DDX41	0.461251	7884.19	0.0503583
chr5	177512887	177512990	DDX41	-0.848702	3187.26	0.0574568
chr5	177512990	177513093	DDX41	0.300502	7065.19	0.0421893
chr5	177513093	177513196	DDX41	0.118831	6225.65	0.049248
chr5	177513196	177513300	DDX41	-1.57015	1928.12	0.0445315
chr5	177513307	177513400	DDX41	-0.490853	4059.79	0.0589779
chr5	177513400	177513494	DDX41	-0.318513	4579.51	0.0836837
chr5	177513494	177513588	DDX41	-1.19941	2488.34	0.0819034
chr5	177513588	177513681	DDX41	-1.26944	2378.98	0.0423508
chr5	177513681	177513775	DDX41	0.438013	7770.31	0.0544099
chr5	177513775	177513869	DDX41	-0.0791307	5430.27	0.0571688
chr5	177513869	177513963	DDX41	-2.38236	1101.91	0.0684817
chr5	177514571	177514672	DDX41	-2.74765	852.646	0.07929
chr5	177514672	177514773	DDX41	0.0943983	6110.42	0.0455946
chr5	177514773	177514875	DDX41	0.205989	6612.12	0.0342893
chr5	177514875	177514976	DDX41	0.261072	6880.86	0.0422612
chr5	177514976	177515078	DDX41	0.48968	8041	0.0488586
chr5	177515078	177515179	DDX41	-0.936544	2997.57	0.0488602
chr5	177515179	177515281	DDX41	-0.177092	5050.2	0.0372424
chr5	177515557	177515660	DDX41	0.102224	6132.21	0.0370329
chr5	177515660	177515763	DDX41	0.404595	7546.82	0.0341057
chr5	177515763	177515866	DDX41	0.499094	8054.86	0.0417615
chr5	177515866	177515969	DDX41	-0.143252	5177.09	0.0616167
chr5	177515969	177516072	DDX41	-0.565704	3863.17	0.0540907
chr5	177516072	177516175	DDX41	-0.0281436	5595.78	0.0762024
chr5	177516175	177516279	DDX41	-0.644924	3659.74	0.0771162
chr5	177516279	177516382	DDX41	0.515488	8187.8	0.0768968
chr5	177516382	177516485	DDX41	0.298245	7063.32	0.0771051
chr5	177516485	177516588	DDX41	-0.353215	4496.71	0.0548285
chr5	177516588	177516691	DDX41	-1.34757	2243.64	0.0709518
chr5	177516691	177516794	DDX41	0.322608	7202.31	0.0515862
chr5	177516794	177516897	DDX41	-0.247946	4841.06	0.0697562
chr5	177516897	177517001	DDX41	-0.180631	5011.57	0.0873619
chr7	50318949	50319055	IKZF1	-0.213421	4888.46	0.0622671
chr7	50319055	50319161	IKZF1	-0.389478	4338.74	0.0527218
chr7	50319161	50319268	IKZF1	-2.26983	1179.55	0.12091
chr7	50327429	50327535	IKZF1	-2.51975	993.3	0.105675
chr7	50327535	50327641	IKZF1	-0.0853269	5360.2	0.045061
chr7	50327641	50327747	IKZF1	0.643214	8899.6	0.0316491
chr7	50327747	50327853	IKZF1	-0.365242	4412.08	0.0504132
chr7	50376381	50376473	IKZF1	-2.11105	1331.09	0.09455
chr7	50376473	50376565	IKZF1	-0.147588	5176.85	0.0790582
chr7	50376565	50376657	IKZF1	0.164041	6421.85	0.0505448
chr7	50376657	50376749	IKZF1	0.542165	8293.1	0.0399304
chr7	50376749	50376841	IKZF1	-0.293467	4671.94	0.0593529
chr7	50376841	50376933	IKZF1	-2.28958	1175	0.0957413
chr7	50382516	50382623	IKZF1	-0.149505	5172.96	0.0473052
chr7	50382623	50382731	IKZF1	-0.612879	3769.58	0.085132
chr7	50382731	50382839	IKZF1	-2.28192	1182.47	0.0917316
chr7	50387186	50387287	IKZF1	-2.13934	1299.27	0.0912137
chr7	50387287	50387388	IKZF1	0.55837	8385.22	0.0374403
chr7	50387388	50387489	IKZF1	0.584752	8550.4	0.0432526
chr7	50387489	50387590	IKZF1	-1.8971	1534.68	0.103208
chr7	50391618	50391713	IKZF1	-0.375994	4398.36	0.0594089
chr7	50391713	50391808	IKZF1	0.713988	9382.51	0.0420694
chr7	50391808	50391904	IKZF1	0.465309	7895.78	0.0374928
chr7	50399854	50399950	IKZF1	-0.375076	4372.53	0.0587974
chr7	50399950	50400047	IKZF1	-0.352795	4443.34	0.047486
chr7	50400047	50400144	IKZF1	-0.274506	4696.18	0.0568636
chr7	50400144	50400240	IKZF1	0.049458	5927.09	0.0663007
chr7	50400240	50400337	IKZF1	0.364281	7396.95	0.0641103
chr7	50400337	50400434	IKZF1	-0.199909	5001.34	0.0753561
chr7	50400434	50400530	IKZF1	0.194341	6563.72	0.073678
chr7	50400530	50400627	IKZF1	-0.266574	4740.65	0.0850753
chr7	50400627	50400724	IKZF1	-0.915184	3004.88	0.0939401
chr7	101817515	101817628	CUX1	-2.24967	1214.55	0.113549
chr7	101817628	101817741	CUX1	-0.442395	4206.18	0.0863527
chr7	101916028	101916120	CUX1	-0.502743	3984.97	0.0516047
chr7	101916120	101916212	CUX1	0.436478	7699.97	0.0311795
chr7	101916212	101916304	CUX1	-0.448618	4157.47	0.041525
chr7	102027965	102028072	CUX1	-2.07178	1376.44	0.0806342
chr7	102028072	102028179	CUX1	-0.200613	5001.11	0.0492338
chr7	102070256	102070368	CUX1	0.298976	7003.29	0.0761496
chr7	102070368	102070480	CUX1	0.162335	6391.47	0.051192
chr7	102097236	102097342	CUX1	-2.40055	1092.34	0.0966996
chr7	102097342	102097448	CUX1	0.180013	6486.31	0.0454709
chr7	102097448	102097554	CUX1	0.293889	7015.14	0.0482843
chr7	102097554	102097660	CUX1	-2.09191	1357.75	0.0924811
chr7	102104296	102104411	CUX1	-0.309326	4520.3	0.340646
chr7	102104411	102104526	CUX1	-0.063769	5402.06	0.0991964
chr7	102111665	102111787	CUX1	0.178601	6412.03	0.0574837
chr7	102111787	102111909	CUX1	-1.71339	1736.89	0.0803395
chr7	102115089	102115183	CUX1	-0.44432	4172.74	0.0553395
chr7	102115183	102115277	CUX1	0.576474	8554.83	0.0485714
chr7	102115277	102115371	CUX1	-0.453727	4169.69	0.0434075
chr7	102158534	102158646	CUX1	-0.25707	4765.07	0.0631875
chr7	102158646	102158758	CUX1	-2.0169	1422.75	0.0879354
chr7	102170383	102170492	CUX1	-0.146704	5152.5	0.0465489
chr7	102170492	102170602	CUX1	-0.539617	3918.3	0.0522772
chr7	102170602	102170712	CUX1	-2.17741	1253.9	0.102315
chr7	102178275	102178373	CUX1	-2.67756	893.877	0.084192
chr7	102178373	102178471	CUX1	-0.940081	2980.6	0.0786741
chr7	102178471	102178569	CUX1	0.205562	6575.89	0.0543723
chr7	102178569	102178667	CUX1	0.343047	7241.33	0.0381851
chr7	102178667	102178766	CUX1	-0.169999	5049.9	0.0426761
chr7	102189761	102189855	CUX1	0.133661	6272.88	0.0495113
chr7	102189855	102189949	CUX1	-0.582721	3826.88	0.0416603
chr7	102189949	102190044	CUX1	-2.42971	1063.63	0.119042
chr7	102193710	102193824	CUX1	-1.77127	1692.88	0.0836577
chr7	102193824	102193938	CUX1	-0.144123	5216.85	0.0512262
chr7	102195401	102195518	CUX1	0.136334	6315.15	0.0724384
chr7	102195518	102195635	CUX1	-0.0120304	5677.6	0.0613979
chr7	102196609	102196706	CUX1	-0.0127839	5662.42	0.0533498
chr7	102196706	102196804	CUX1	-0.301075	4666.35	0.0676227
chr7	102196804	102196902	CUX1	0.266308	6883.39	0.0542603
chr7	102196902	102196999	CUX1	0.645653	8961.36	0.0527345
chr7	102196999	102197097	CUX1	0.412594	7625.14	0.0463909
chr7	102197097	102197195	CUX1	0.537984	8292.33	0.0483076
chr7	102197195	102197292	CUX1	-0.157323	5106.89	0.0805006
chr7	102197292	102197390	CUX1	-0.668474	3602.32	0.0772439
chr7	102197390	102197488	CUX1	-2.3394	1128.84	0.11432
chr7	102198752	102198877	CUX1	0.0785469	6030.7	0.0372264
chr7	102198877	102199002	CUX1	-1.9258	1487.95	0.089872
chr7	102199948	102200034	CUX1	-2.43327	1047.34	0.13795
chr7	102200034	102200120	CUX1	-0.459184	4151.49	0.0541179
chr7	102200120	102200206	CUX1	0.13962	6261.01	0.0563403
chr7	102201300	102201395	CUX1	-0.294001	4668.65	0.0378767
chr7	102201395	102201490	CUX1	-0.123357	5246.71	0.0626142
chr7	102201490	102201585	CUX1	-0.370309	4434.48	0.097055
chr7	102201585	102201680	CUX1	-0.193759	4981.05	0.100634
chr7	102201680	102201776	CUX1	-0.536024	3900.71	0.0905782
chr7	102201776	102201871	CUX1	-0.626744	3687.17	0.124307
chr7	102201871	102201966	CUX1	-0.489188	4069.62	0.130962
chr7	102201966	102202061	CUX1	-0.605092	3755.28	0.139536
chr7	102202061	102202156	CUX1	-0.344226	4474.44	0.106602
chr7	102202156	102202252	CUX1	-0.190184	4994.11	0.0651606
chr7	102204355	102204475	CUX1	-0.0533855	5519.29	0.0575691
chr7	102204475	102204595	CUX1	-0.074575	5421.4	0.0552246
chr7	102205067	102205151	CUX1	0.0100953	5734.78	0.0477172
chr7	102205151	102205236	CUX1	-0.682874	3562.52	0.0751027
chr7	102205236	102205321	CUX1	-2.4576	1035	0.11082
chr7	102227336	102227433	CUX1	-0.517781	3953.14	0.0804792
chr7	102227433	102227530	CUX1	0.00733524	5728.03	0.0422428
chr7	102227530	102227627	CUX1	0.520237	8231.96	0.055076
chr7	102227627	102227724	CUX1	0.0210267	5818.48	0.0626045
chr7	102227724	102227822	CUX1	-2.66844	906.669	0.0887651
chr7	102234026	102234148	CUX1	0.1107	6196.11	0.0590557
chr7	102234148	102234271	CUX1	0.179741	6507.01	0.0732103
chr7	102239156	102239249	CUX1	-2.68845	887.007	0.104653
chr7	102239249	102239342	CUX1	-0.997111	2847.05	0.0773891
chr7	102239342	102239435	CUX1	-0.475746	4094.76	0.0768777
chr7	102239435	102239528	CUX1	0.619221	8769.5	0.0372754
chr7	102239528	102239621	CUX1	0.304781	7046.9	0.0314523
chr7	102239621	102239714	CUX1	-2.70001	880.427	0.110442
chr7	102248207	102248307	CUX1	-2.86098	785.444	0.10071
chr7	102248307	102248408	CUX1	-0.662898	3604.7	0.0843828
chr7	102248408	102248508	CUX1	0.329357	7192.97	0.0743518
chr7	102248508	102248609	CUX1	0.0583555	5956.17	0.0834933
chr7	102248609	102248710	CUX1	-0.540921	3889.79	0.134664
chr7	102248710	102248810	CUX1	-0.941473	2931.01	0.255382
chr7	102248810	102248911	CUX1	-1.18845	2371.95	0.234038
chr7	102248911	102249011	CUX1	-0.237882	4790.54	0.102949
chr7	102249011	102249112	CUX1	-0.615565	3716.83	0.0757478
chr7	102249112	102249213	CUX1	-3.04503	692.769	0.115962
chr7	148807482	148807586	EZH2	-2.11499	1336.87	0.110147
chr7	148807586	148807690	EZH2	0.363193	7362.09	0.0461323
chr7	148807690	148807794	EZH2	0.87992	10423.7	0.0690305
chr7	148807794	148807899	EZH2	-1.93437	1490.88	0.101433
chr7	148808993	148809095	EZH2	0.194676	6512.05	0.0502483
chr7	148809095	148809198	EZH2	-0.643852	3660.33	0.0600741
chr7	148809198	148809301	EZH2	-0.39672	4286.41	0.0678437
chr7	148809301	148809404	EZH2	-0.0455032	5450.06	0.0858992
chr7	148809404	148809507	EZH2	-2.12618	1293.9	0.138834
chr7	148810151	148810263	EZH2	-0.163978	5079.68	0.0541316
chr7	148810263	148810376	EZH2	0.359657	7334.74	0.0377836
chr7	148810376	148810489	EZH2	0.129908	6282.04	0.0465958
chr7	148811467	148811569	EZH2	-0.313844	4588.04	0.0636539
chr7	148811569	148811672	EZH2	0.934026	10922	0.0551441
chr7	148811672	148811775	EZH2	0.633407	8817.63	0.0341645
chr7	148813890	148813978	EZH2	0.368272	7355.42	0.051038
chr7	148813978	148814066	EZH2	0.264749	6881.05	0.0455761
chr7	148814066	148814154	EZH2	0.17444	6462.91	0.0486028
chr7	148814154	148814242	EZH2	0.169338	6417.65	0.0376316
chr7	148814802	148814911	EZH2	-0.415837	4277.97	0.0536679
chr7	148814911	148815021	EZH2	1.11315	12367.1	0.0362257
chr7	148815021	148815130	EZH2	-0.0618224	5466.77	0.0403097
chr7	148815130	148815240	EZH2	-2.16362	1276.47	0.0991163
chr7	148815378	148815484	EZH2	-0.0138299	5638.38	0.0347788
chr7	148815484	148815591	EZH2	-0.158738	5118.05	0.0428298
chr7	148815591	148815698	EZH2	-1.93547	1498.16	0.0965137
chr7	148816587	148816684	EZH2	-0.660481	3606.96	0.0509313
chr7	148816684	148816781	EZH2	0.628287	8860.85	0.0344237
chr7	148816781	148816879	EZH2	-0.535666	3947.99	0.0501449
chr7	148817026	148817124	EZH2	-2.23545	1208.2	0.140013
chr7	148817124	148817222	EZH2	0.0908982	6075.49	0.0540535
chr7	148817222	148817321	EZH2	0.869812	10439.3	0.0359523
chr7	148817321	148817419	EZH2	0.792743	9924.68	0.0294998
chr7	148817419	148817518	EZH2	-1.62103	1859.45	0.0790698
chr7	148817772	148817878	EZH2	0.0981954	6127.07	0.0391276
chr7	148817878	148817984	EZH2	0.0730393	6017.8	0.0521225
chr7	148817984	148818090	EZH2	0.416893	7640.91	0.0397588
chr7	148818090	148818196	EZH2	-0.0372782	5582.31	0.0425638
chr7	148819385	148819484	EZH2	-0.316091	4545.65	0.0629255
chr7	148819484	148819584	EZH2	0.100065	6111.67	0.0649149
chr7	148819584	148819683	EZH2	-0.0725398	5403.18	0.0890322
chr7	148819683	148819783	EZH2	-0.607438	3707.95	0.105098
chr7	148819783	148819883	EZH2	-2.39749	1083.94	0.120533
chr7	148826347	148826454	EZH2	-0.200048	5011.87	0.0522805
chr7	148826454	148826561	EZH2	1.17193	12955.1	0.047433
chr7	148826561	148826668	EZH2	0.301049	7044.92	0.0452629
chr7	148826668	148826775	EZH2	-2.06667	1352.56	0.148147
chr7	148827105	148827200	EZH2	0.508819	8073.65	0.0482448
chr7	148827200	148827295	EZH2	-0.283186	4665.65	0.0833418
chr7	148827295	148827390	EZH2	-2.05684	1359.2	0.139974
chr7	148828599	148828700	EZH2	-1.68869	1753.66	0.11987
chr7	148828700	148828802	EZH2	0.703335	9334.78	0.0439045
chr7	148828802	148828904	EZH2	1.28028	13912.4	0.0312471
chr7	148828904	148829006	EZH2	-1.33883	2285.5	0.0646868
chr7	148829683	148829777	EZH2	0.441045	7706.52	0.0520534
chr7	148829777	148829871	EZH2	-0.0940117	5329.37	0.0889557
chr7	148829871	148829966	EZH2	-1.92329	1496.2	0.151609
chr7	148832506	148832595	EZH2	-1.89596	1521.77	0.131224
chr7	148832595	148832684	EZH2	-0.214088	4886.83	0.0842073
chr7	148832684	148832773	EZH2	0.382383	7428.31	0.045437
chr7	148846337	148846444	EZH2	-1.78718	1646.06	0.125828
chr7	148846444	148846552	EZH2	0.35126	7270.29	0.0513004
chr7	148846552	148846659	EZH2	1.31752	14185.3	0.0432585
chr7	148846659	148846767	EZH2	-0.723177	3460.2	0.0741931
chr7	148847061	148847150	EZH2	0.216096	6682.72	0.0780439
chr7	148847150	148847240	EZH2	0.318078	7085.12	0.0835437
chr7	148847240	148847330	EZH2	0.704683	9248.18	0.0552339
chr7	148850423	148850527	EZH2	-0.186286	5000.92	0.0821444
chr7	148850527	148850632	EZH2	-2.03171	1408.58	0.108945
chr8	116847381	116847478	RAD21	-2.38106	1081.59	0.134298
chr8	116847478	116847576	RAD21	0.228712	6676.31	0.0422469
chr8	116847576	116847674	RAD21	0.696295	9247.62	0.0401305
chr8	116847674	116847772	RAD21	-0.121049	5196.5	0.0625582
chr8	116848832	116848938	RAD21	0.30237	7049.93	0.0517237
chr8	116848938	116849045	RAD21	0.850349	10303.2	0.0410879
chr8	116849045	116849151	RAD21	0.0650869	5965.88	0.0526097
chr8	116849151	116849258	RAD21	-2.01435	1407.42	0.106939
chr8	116850557	116850643	RAD21	0.528642	8220.79	0.0546045
chr8	116850643	116850729	RAD21	0.121138	6238.49	0.0651445
chr8	116850729	116850816	RAD21	-0.00285525	5657.04	0.0896137
chr8	116851856	116851957	RAD21	0.103226	6116.89	0.0720342
chr8	116851957	116852058	RAD21	0.544902	8323.48	0.0420725
chr8	116852058	116852159	RAD21	0.459411	7846.56	0.041148
chr8	116852159	116852260	RAD21	-2.32819	1127.43	0.140711
chr8	116852452	116852555	RAD21	0.257127	6766.91	0.0408208
chr8	116852555	116852658	RAD21	0.0169714	5776.12	0.0503633
chr8	116852658	116852761	RAD21	0.233263	6718.61	0.0674168
chr8	116854096	116854194	RAD21	-2.25201	1194.23	0.0912205
chr8	116854194	116854292	RAD21	0.411154	7579.4	0.0361893
chr8	116854292	116854390	RAD21	0.492597	8037.32	0.0369104
chr8	116854390	116854488	RAD21	0.135487	6264.6	0.0381616
chr8	116856034	116856139	RAD21	-0.768621	3359.29	0.0529754
chr8	116856139	116856244	RAD21	1.01197	11556.2	0.0411684
chr8	116856244	116856350	RAD21	0.119402	6209.77	0.061256
chr8	116856350	116856455	RAD21	-1.37005	2214.09	0.12259
chr8	116856455	116856560	RAD21	-1.24741	2405.4	0.0948673
chr8	116856560	116856666	RAD21	0.557182	8383.29	0.0351972
chr8	116856666	116856771	RAD21	0.401381	7579.42	0.0372081
chr8	116856771	116856877	RAD21	0.0330503	5850.11	0.0568158
chr8	116857137	116857231	RAD21	0.45196	7805.54	0.0501112
chr8	116857231	116857325	RAD21	1.07214	11998.5	0.061835
chr8	116857325	116857419	RAD21	1.15203	12725.1	0.046863
chr8	116857419	116857513	RAD21	0.260625	6823.47	0.064593
chr8	116857513	116857608	RAD21	-2.30304	1150.7	0.150403
chr8	116858183	116858283	RAD21	0.0984911	6095.56	0.0751254
chr8	116858283	116858383	RAD21	0.611166	8713.06	0.068861
chr8	116858383	116858483	RAD21	1.42932	15327.8	0.0539638
chr8	116858483	116858583	RAD21	0.301104	6992.18	0.0577828
chr8	116858583	116858683	RAD21	-2.07113	1345.46	0.112352
chr8	116861716	116861812	RAD21	-2.29732	1146.73	0.161374
chr8	116861812	116861909	RAD21	0.485961	7949.41	0.071094
chr8	116861909	116862005	RAD21	0.597614	8605.13	0.0553823
chr8	116862005	116862102	RAD21	-2.46777	1031.38	0.121708
chr8	116863013	116863120	RAD21	0.246937	6772.65	0.0753485
chr8	116863120	116863228	RAD21	0.184718	6498.15	0.0696458
chr8	116863228	116863336	RAD21	0.212607	6623.66	0.0538709
chr8	116866401	116866491	RAD21	-2.13864	1280.1	0.152579
chr8	116866491	116866581	RAD21	-0.370106	4398.56	0.0738998
chr8	116866581	116866672	RAD21	0.860688	10338.4	0.0435787
chr8	116866672	116866762	RAD21	0.269657	6854.17	0.046686
chr8	116866762	116866853	RAD21	-2.32206	1146.85	0.107861
chr9	5021866	5021961	JAK2	-2.68504	879.561	0.141195
chr9	5021961	5022057	JAK2	-0.0844198	5353.51	0.0592145
chr9	5022057	5022153	JAK2	0.612997	8685.83	0.0403434
chr9	5022153	5022249	JAK2	-0.267634	4732.97	0.056892
chr9	5022249	5022345	JAK2	-2.10979	1321.38	0.124278
chr9	5029661	5029767	JAK2	-2.00475	1427.56	0.121907
chr9	5029767	5029874	JAK2	0.31715	7095.8	0.0943802
chr9	5029874	5029981	JAK2	0.229748	6688.87	0.0910631
chr9	5029981	5030088	JAK2	-2.14827	1275.15	0.166008
chr9	5044274	5044366	JAK2	-2.55462	975.03	0.125523
chr9	5044366	5044459	JAK2	0.413909	7610.04	0.0614681
chr9	5044459	5044552	JAK2	0.469849	7901.15	0.0643741
chr9	5044552	5044645	JAK2	-2.17814	1265.3	0.11384
chr9	5050556	5050655	JAK2	-2.38558	1104.03	0.108803
chr9	5050655	5050754	JAK2	0.380934	7442.15	0.0500605
chr9	5050754	5050853	JAK2	0.363636	7319.8	0.0895853
chr9	5050853	5050952	JAK2	-2.24772	1182.47	0.164268
chr9	5054410	5054513	JAK2	-1.88146	1579.77	0.0919877
chr9	5054513	5054617	JAK2	0.535554	8330.82	0.0332626
chr9	5054617	5054720	JAK2	0.424478	7669.18	0.0448407
chr9	5054720	5054824	JAK2	0.766472	9698.73	0.0420606
chr9	5054824	5054927	JAK2	0.233531	6729.11	0.0564268
chr9	5054927	5055031	JAK2	-1.85745	1573.42	0.10786
chr9	5055548	5055655	JAK2	-1.90296	1549.06	0.0943931
chr9	5055655	5055763	JAK2	0.362672	7370.96	0.0507522
chr9	5055763	5055870	JAK2	0.483793	8018.39	0.0568937
chr9	5055870	5055978	JAK2	-1.66249	1823.58	0.105536
chr9	5064748	5064847	JAK2	-2.4321	1061.83	0.102987
chr9	5064847	5064946	JAK2	0.14807	6323.47	0.0433194
chr9	5064946	5065045	JAK2	0.576669	8507.55	0.0317391
chr9	5065045	5065144	JAK2	-0.453837	4155.27	0.0497927
chr9	5065144	5065243	JAK2	-2.26057	1191.91	0.104449
chr9	5066553	5066649	JAK2	-2.32989	1131.89	0.139083
chr9	5066649	5066745	JAK2	0.347931	7231.53	0.0708803
chr9	5066745	5066841	JAK2	0.364703	7322.65	0.0736883
chr9	5066841	5066937	JAK2	-2.47664	1017.1	0.121348
chr9	5068990	5069096	JAK2	0.223773	6665.72	0.0649608
chr9	5069096	5069203	JAK2	0.747749	9696.64	0.0468472
chr9	5069203	5069310	JAK2	-0.228696	4884.77	0.0769764
chr9	5069767	5069877	JAK2	-1.38326	2179.3	0.102572
chr9	5069877	5069988	JAK2	1.11557	12333.4	0.0606364
chr9	5069988	5070099	JAK2	0.874466	10422.8	0.0637344
chr9	5070099	5070210	JAK2	-1.6464	1806.87	0.141806
chr9	5072378	5072473	JAK2	-0.703672	3485.41	0.0919028
chr9	5072473	5072568	JAK2	1.08598	12143.8	0.0502301
chr9	5072568	5072663	JAK2	1.04917	11770.4	0.0531678
chr9	5072663	5072758	JAK2	-1.00253	2844.06	0.099636
chr9	5073575	5073671	JAK2	0.704965	9263.63	0.0518676
chr9	5073671	5073767	JAK2	1.24566	13516.2	0.0408867
chr9	5073767	5073863	JAK2	0.572569	8502.13	0.0507305
chr9	5073863	5073960	JAK2	-1.92524	1502.47	0.135486
chr9	5077316	5077412	JAK2	-0.117133	5219.35	0.0925456
chr9	5077412	5077509	JAK2	0.997539	11345	0.0632659
chr9	5077509	5077605	JAK2	1.03857	11707	0.065965
chr9	5077605	5077702	JAK2	0.135485	6257.43	0.0786251
chr9	5078192	5078284	JAK2	-0.859398	3152.54	0.0820457
chr9	5078284	5078377	JAK2	1.06613	11953	0.0376612
chr9	5078377	5078470	JAK2	1.12858	12478.5	0.0445415
chr9	5078470	5078563	JAK2	-0.813906	3240.69	0.0840477
chr9	5080070	5080177	JAK2	-2.08156	1343.33	0.108906
chr9	5080177	5080284	JAK2	0.465941	7862.78	0.04576
chr9	5080284	5080391	JAK2	0.570314	8509.02	0.0570541
chr9	5080391	5080498	JAK2	0.0902507	6133.85	0.0545022
chr9	5080498	5080605	JAK2	0.307366	7103.58	0.0633893
chr9	5080605	5080712	JAK2	0.497353	8099.53	0.0466939
chr9	5080712	5080819	JAK2	-1.93739	1521	0.0921473
chr9	5081592	5081691	JAK2	-2.1977	1254.28	0.110154
chr9	5081691	5081791	JAK2	0.497705	8048.24	0.0517649
chr9	5081791	5081891	JAK2	0.585703	8603.1	0.0609733
chr9	5081891	5081991	JAK2	-1.8505	1605.13	0.11282
chr9	5089552	5089649	JAK2	-0.142613	5155.13	0.069431
chr9	5089649	5089746	JAK2	0.75026	9639.55	0.0570141
chr9	5089746	5089843	JAK2	1.19607	13129	0.0468555
chr9	5089843	5089941	JAK2	0.574439	8482.47	0.0322979
chr9	5090312	5090414	JAK2	-1.69572	1742.8	0.156915
chr9	5090414	5090517	JAK2	0.177316	6454.78	0.0908103
chr9	5090517	5090620	JAK2	0.6248	8766.72	0.0607662
chr9	5090620	5090723	JAK2	-0.92069	3017.3	0.0506103
chr9	5090723	5090826	JAK2	0.564829	8404.33	0.0406561
chr9	5090826	5090929	JAK2	0.306636	7059.72	0.0538935
chr9	5090929	5091032	JAK2	-1.86295	1560.49	0.099807
chr9	5122974	5123082	JAK2	-0.0350055	5544.94	0.0466691
chr9	5123082	5123190	JAK2	-0.127898	5215.29	0.0415703
chr9	5123190	5123298	JAK2	-2.08866	1342.17	0.110082
chr9	5126188	5126282	JAK2	-2.14644	1287.06	0.0897212
chr9	5126282	5126377	JAK2	0.583489	8597.16	0.0435012
chr9	5126377	5126471	JAK2	0.595567	8657.97	0.0426718
chr9	5126471	5126566	JAK2	-2.22458	1231.22	0.0899749
chr9	5126652	5126763	JAK2	0.0160431	5800.31	0.0432678
chr9	5126763	5126874	JAK2	-0.384298	4369.44	0.0502939
chr9	5126874	5126985	JAK2	-2.00873	1415.89	0.105965
chr10	26994985	26995074	ANKRD26	-0.0706686	5419.37	0.0641531
chr10	26995074	26995164	ANKRD26	0.652565	8956.54	0.0575453
chr10	26995164	26995254	ANKRD26	0.403341	7530.94	0.0452003
chr10	27005473	27005570	ANKRD26	-2.386	1091.25	0.101714
chr10	27005570	27005668	ANKRD26	0.202426	6532.06	0.0632314
chr10	27005668	27005766	ANKRD26	0.160339	6328.82	0.072599
chr10	27005766	27005864	ANKRD26	-2.62734	914.539	0.12528
chr10	27006833	27006953	ANKRD26	0.430748	7702.29	0.096625
chr10	27006953	27007074	ANKRD26	0.499183	8073.82	0.0961087
chr10	27012762	27012864	ANKRD26	-2.32191	1142.67	0.109924
chr10	27012864	27012966	ANKRD26	0.144639	6284.23	0.0651045
chr10	27012966	27013068	ANKRD26	0.361327	7306.24	0.0493555
chr10	27013068	27013170	ANKRD26	-0.481964	4068.52	0.044643
chr10	27013170	27013272	ANKRD26	-2.32005	1136.52	0.120554
chr10	27014431	27014536	ANKRD26	-0.0780622	5360.69	0.105244
chr10	27014536	27014641	ANKRD26	-0.0704665	5451.62	0.0805124
chr10	27014641	27014747	ANKRD26	0.186158	6489.06	0.0596979
chr10	27017379	27017484	ANKRD26	0.209112	6586.92	0.047687
chr10	27017484	27017590	ANKRD26	0.991495	11348.4	0.043196
chr10	27017590	27017695	ANKRD26	0.644561	8915.57	0.0554525
chr10	27017695	27017801	ANKRD26	0.589901	8549.84	0.0408476
chr10	27017801	27017906	ANKRD26	-0.0214593	5593.25	0.0484742
chr10	27017906	27018012	ANKRD26	-2.54046	981.379	0.122232
chr10	27022459	27022552	ANKRD26	-0.0937881	5304.48	0.103742
chr10	27022552	27022646	ANKRD26	1.1272	12471.1	0.0678396
chr10	27022646	27022739	ANKRD26	0.807325	9952.85	0.0701857
chr10	27022739	27022833	ANKRD26	-2.2828	1164.46	0.166666
chr10	27024264	27024368	ANKRD26	-2.38055	1083.04	0.158779
chr10	27024368	27024473	ANKRD26	-0.101201	5222.67	0.107235
chr10	27024473	27024577	ANKRD26	-0.149241	5032.01	0.123985
chr10	27024577	27024682	ANKRD26	-2.63206	907.173	0.160881
chr10	27028644	27028747	ANKRD26	-2.44613	1047.97	0.138204
chr10	27028747	27028851	ANKRD26	0.236755	6763.56	0.0609308
chr10	27028851	27028955	ANKRD26	0.616022	8813.53	0.0641295
chr10	27028955	27029059	ANKRD26	0.210109	6700.85	0.0658963
chr10	27029169	27029273	ANKRD26	-1.95186	1468.14	0.158834
chr10	27029273	27029378	ANKRD26	-0.0493385	5534.87	0.0730029
chr10	27030528	27030638	ANKRD26	-0.196824	4965.53	0.0571439
chr10	27030638	27030749	ANKRD26	-1.89466	1534.55	0.104919
chr10	27033065	27033161	ANKRD26	-2.03162	1385.52	0.140378
chr10	27033161	27033257	ANKRD26	-0.234498	4810.7	0.0896848
chr10	27033257	27033353	ANKRD26	0.784213	9767.05	0.0726428
chr10	27033353	27033449	ANKRD26	0.0569118	5909.42	0.100005
chr10	27033449	27033546	ANKRD26	-2.2197	1218.2	0.159555
chr10	27034663	27034761	ANKRD26	-1.69163	1764.94	0.113005
chr10	27034761	27034859	ANKRD26	0.194746	6548.53	0.0763158
chr10	27034859	27034957	ANKRD26	0.534532	8221.8	0.0541644
chr10	27034957	27035055	ANKRD26	0.600439	8646.76	0.051647
chr10	27035055	27035153	ANKRD26	-0.00598946	5738.49	0.0653035
chr10	27035153	27035251	ANKRD26	0.616483	8725.22	0.0478704
chr10	27035251	27035349	ANKRD26	-0.202837	4961.31	0.0735658
chr10	27035349	27035447	ANKRD26	0.0328346	5855.91	0.0547986
chr10	27035447	27035545	ANKRD26	0.873764	10506.8	0.0450686
chr10	27035545	27035643	ANKRD26	0.547472	8426.65	0.0546579
chr10	27035643	27035741	ANKRD26	1.11138	12410.1	0.0268746
chr10	27035741	27035839	ANKRD26	0.478812	7991.36	0.0470371
chr10	27035839	27035937	ANKRD26	-2.31279	1152.62	0.115113
chr10	27037034	27037138	ANKRD26	-2.02141	1414.65	0.105267
chr10	27037138	27037243	ANKRD26	0.269262	6885.61	0.06029
chr10	27037243	27037347	ANKRD26	0.269625	6911.44	0.0597769
chr10	27037347	27037452	ANKRD26	-2.02164	1418.95	0.102373
chr10	27037710	27037808	ANKRD26	-2.13007	1293.4	0.154668
chr10	27037808	27037906	ANKRD26	-0.430183	4243.72	0.078385
chr10	27037906	27038004	ANKRD26	0.257259	6842.56	0.0549607
chr10	27038004	27038102	ANKRD26	0.237496	6743.01	0.0400273
chr10	27039823	27039924	ANKRD26	-2.19006	1262.82	0.114591
chr10	27039924	27040025	ANKRD26	0.359543	7365.54	0.0653002
chr10	27040025	27040126	ANKRD26	0.613481	8779.23	0.0692419
chr10	27040126	27040227	ANKRD26	0.0157466	5362.59	0.0633394
chr10	27043310	27043405	ANKRD26	-2.97227	713.266	0.157302
chr10	27043405	27043501	ANKRD26	0.643562	8901.57	0.0940275
chr10	27043501	27043596	ANKRD26	0.354363	7228.6	0.105992
chr10	27043596	27043692	ANKRD26	-2.21313	1208.95	0.181651
chr10	27043992	27044093	ANKRD26	-2.34907	1108.19	0.162533
chr10	27044093	27044194	ANKRD26	0.343147	7241.76	0.0662199
chr10	27044194	27044295	ANKRD26	0.438336	7738.13	0.0790775
chr10	27044295	27044397	ANKRD26	-1.95834	1479.58	0.121102
chr10	27046237	27046339	ANKRD26	-2.21154	1237.96	0.107101
chr10	27046339	27046441	ANKRD26	0.302294	7027.6	0.0534426
chr10	27046441	27046543	ANKRD26	0.349825	7253.44	0.0403579
chr10	27046543	27046645	ANKRD26	-2.19961	1248.64	0.0809776
chr10	27048681	27048775	ANKRD26	-2.07213	1363.46	0.0901495
chr10	27048775	27048869	ANKRD26	0.414128	7633.17	0.0436252
chr10	27048869	27048964	ANKRD26	0.870994	10436.7	0.030195
chr10	27048964	27049058	ANKRD26	-0.400362	4320.86	0.0643067
chr10	27049058	27049153	ANKRD26	-2.13723	1295.6	0.119461
chr10	27050832	27050931	ANKRD26	-2.01734	1415.16	0.115023
chr10	27050931	27051031	ANKRD26	0.483225	8003.09	0.0492519
chr10	27051031	27051131	ANKRD26	1.01363	11508.4	0.0391163
chr10	27051131	27051231	ANKRD26	0.504303	8092.68	0.0384569
chr10	27051231	27051331	ANKRD26	-0.0349144	5561.25	0.0659934
chr10	27051331	27051431	ANKRD26	-0.140451	5155.98	0.0746018
chr10	27051431	27051531	ANKRD26	0.0571648	5938.07	0.0604709
chr10	27051531	27051630	ANKRD26	0.700634	9367.66	0.0502623
chr10	27051630	27051730	ANKRD26	0.67737	9192.67	0.0416436
chr10	27051730	27051830	ANKRD26	-0.276939	4717.04	0.0832055
chr10	27051830	27051930	ANKRD26	0.0176062	5830.11	0.059197
chr10	27051930	27052030	ANKRD26	0.627166	8846.05	0.0458653
chr10	27052030	27052130	ANKRD26	0.127021	6263.11	0.0587472
chr10	27052130	27052230	ANKRD26	-2.4461	1054.94	0.126962
chr10	27053146	27053250	ANKRD26	-2.11242	1320.96	0.124669
chr10	27053250	27053355	ANKRD26	0.384006	7473.13	0.0567923
chr10	27053355	27053459	ANKRD26	0.495888	8106.37	0.0620445
chr10	27053459	27053564	ANKRD26	-1.76134	1707.86	0.115486
chr10	27060174	27060282	ANKRD26	-2.05874	1376.92	0.111697
chr10	27060282	27060390	ANKRD26	0.392433	7498.79	0.0614682
chr10	27060390	27060498	ANKRD26	0.322699	7184.18	0.0717211
chr10	27060498	27060606	ANKRD26	0.108738	6177.7	0.0588439
chr10	27060979	27061084	ANKRD26	-2.3855	1088.92	0.132947
chr10	27061084	27061189	ANKRD26	0.146613	6291.98	0.0553614
chr10	27061189	27061294	ANKRD26	0.285792	6950.43	0.05733
chr10	27061294	27061400	ANKRD26	-1.97451	1461.64	0.101363
chr10	27063836	27063934	ANKRD26	-2.32819	1134.75	0.110655
chr10	27063934	27064032	ANKRD26	0.223262	6613.03	0.0712576
chr10	27064032	27064130	ANKRD26	0.165206	6314.64	0.0692
chr10	27064130	27064228	ANKRD26	-2.5805	945.136	0.153757
chr10	27066318	27066422	ANKRD26	-2.10961	1317.51	0.136015
chr10	27066422	27066526	ANKRD26	0.325319	7127.66	0.0947614
chr10	27066526	27066630	ANKRD26	0.267959	6850.99	0.082554
chr10	27066630	27066735	ANKRD26	-2.08926	1332.64	0.130838
chr10	27066946	27067045	ANKRD26	-2.33087	1117.52	0.160673
chr10	27067045	27067144	ANKRD26	-0.490263	4057.01	0.066419
chr10	27067144	27067243	ANKRD26	0.415369	7606.92	0.0684684
chr10	27067243	27067342	ANKRD26	0.564919	8447.51	0.0258567
chr10	27077219	27077326	ANKRD26	-2.13785	1302.68	0.096368
chr10	27077326	27077433	ANKRD26	0.339663	7211.25	0.0389933
chr10	27077433	27077540	ANKRD26	0.680197	9133.89	0.0523764
chr10	27077540	27077647	ANKRD26	0.302994	7065.51	0.0685242
chr10	27077647	27077754	ANKRD26	0.132378	6218.39	0.0684105
chr10	27077754	27077862	ANKRD26	-2.41247	1062.66	0.115146
chr10	27078910	27079012	ANKRD26	-2.252	1191.26	0.117549
chr10	27079012	27079114	ANKRD26	-0.324033	4580.02	0.0596665
chr10	27079114	27079216	ANKRD26	0.229598	6699.63	0.0347955
chr10	27080011	27080134	ANKRD26	-2.7944	819.311	0.111611
chr10	27080134	27080258	ANKRD26	-0.386837	4354.28	0.0600193
chr10	27082684	27082790	ANKRD26	-2.43585	1038.73	0.115778
chr10	27082790	27082896	ANKRD26	-0.493839	4000.03	0.0738182
chr10	27086464	27086579	ANKRD26	0.0885485	6048.58	0.0828239
chr10	27086579	27086695	ANKRD26	0.0548013	5883.96	0.0705052
chr10	27092263	27092355	ANKRD26	-2.23495	1219.3	0.112735
chr10	27092355	27092447	ANKRD26	0.613628	8727.03	0.0514161
chr10	27092447	27092539	ANKRD26	0.555711	8379.93	0.0549853
chr10	27092539	27092631	ANKRD26	-2.32404	1138.6	0.11579
chr10	27093240	27093340	ANKRD26	-0.185001	4983.16	0.0724645
chr10	27093340	27093441	ANKRD26	0.810508	10004	0.0393862
chr10	27093441	27093542	ANKRD26	0.576578	8498.9	0.0476812
chr10	27093542	27093642	ANKRD26	-0.716465	3461.28	0.0940089
chr10	27093642	27093743	ANKRD26	0.491748	8026.83	0.040978
chr10	27093743	27093844	ANKRD26	0.831615	10149.6	0.0324889
chr10	27093844	27093945	ANKRD26	-2.26086	1196.71	0.0814626
chr10	27099961	27100056	ANKRD26	-2.49403	1024.98	0.0884773
chr10	27100056	27100151	ANKRD26	-0.276217	4736.53	0.0681014
chr10	27100151	27100247	ANKRD26	0.574565	8524.73	0.0397462
chr10	27100247	27100342	ANKRD26	0.433751	7739.62	0.0373981
chr10	27100342	27100438	ANKRD26	0.131229	6270.91	0.0604172
chr10	27100438	27100533	ANKRD26	-0.871306	3105.42	0.0883977
chr10	27100533	27100629	ANKRD26	-2.7028	871.248	0.133442
chr11	532482	532580	HRAS	-2.72458	861.24	0.0994703
chr11	532580	532679	HRAS	-0.718763	3484.09	0.0591079
chr11	532679	532777	HRAS	0.353482	7290.18	0.0510775
chr11	532777	532876	HRAS	-0.181531	5057.6	0.0640737
chr11	532876	532975	HRAS	-2.4468	1059.95	0.0930405
chr11	533261	533363	HRAS	-3.16695	634.017	0.118927
chr11	533363	533465	HRAS	-1.46459	2048.27	0.121605
chr11	533465	533567	HRAS	0.319682	7142.69	0.0555534
chr11	533567	533669	HRAS	0.117271	6246.84	0.0468878
chr11	533669	533771	HRAS	-0.530689	3954.01	0.0525246
chr11	533771	533873	HRAS	0.463055	7828.47	0.0609321
chr11	533873	533975	HRAS	-0.387096	4345.83	0.0729935
chr11	533975	534077	HRAS	-2.45598	1037.84	0.106106
chr11	534084	534175	HRAS	-2.40794	1084.71	0.0980951
chr11	534175	534266	HRAS	-0.245377	4797.94	0.0690182
chr11	534266	534357	HRAS	0.570131	8516.8	0.0624462
chr11	534357	534448	HRAS	-0.708783	3510.42	0.0870937
chr11	534448	534540	HRAS	-2.47007	1025.43	0.121058
chr11	32391839	32391954	WT1	-1.68197	1774.38	0.0925944
chr11	32391954	32392070	WT1	0.492794	8020.78	0.062411
chr11	32392070	32392186	WT1	-1.55395	1941.46	0.0900505
chr11	32396229	32396327	WT1	0.0262331	5805.45	0.046851
chr11	32396327	32396426	WT1	-0.700841	3521.39	0.0493342
chr11	32396426	32396525	WT1	-2.52121	987.748	0.114818
chr11	118436267	118436360	KMT2A	-3.01612	703.652	0.164992
chr11	118436360	118436454	KMT2A	-1.52104	1978.98	0.158462
chr11	118436454	118436548	KMT2A	-1.20947	2435.47	0.136187
chr11	118436548	118436642	KMT2A	-1.70904	1716.68	0.201382
chr11	118436642	118436736	KMT2A	-1.82563	1593.15	0.203323
chr11	118436736	118436830	KMT2A	-0.195629	4967.9	0.11505
chr11	118436830	118436924	KMT2A	0.349603	7263.44	0.0938934
chr11	118436924	118437018	KMT2A	-0.727081	3463.87	0.0561953
chr11	118468647	118468738	KMT2A	-2.27139	1188.03	0.122064
chr11	118468738	118468829	KMT2A	0.441379	7757.71	0.0549891
chr11	118468829	118468920	KMT2A	0.448734	7800.22	0.0526654
chr11	118468920	118469012	KMT2A	-2.4381	1054.4	0.107476
chr11	118471555	118471656	KMT2A	-0.0683035	5437.42	0.0394546
chr11	118471656	118471757	KMT2A	0.790242	9933.78	0.035255
chr11	118471757	118471859	KMT2A	0.370677	7404.84	0.0325844
chr11	118471859	118471960	KMT2A	-0.0310852	5619.47	0.0630308
chr11	118471960	118472062	KMT2A	-0.0670154	5462.27	0.0783019
chr11	118472062	118472163	KMT2A	0.0321302	5858.91	0.0687972
chr11	118472163	118472265	KMT2A	0.381484	7506.64	0.0601224
chr11	118472265	118472366	KMT2A	0.0251688	5833.52	0.0538839
chr11	118472366	118472468	KMT2A	0.406052	7601.1	0.0307442
chr11	118472468	118472569	KMT2A	0.264275	6859.59	0.0331642
chr11	118472569	118472671	KMT2A	-0.392843	4336.68	0.0567405
chr11	118472671	118472772	KMT2A	-0.211059	4913.3	0.07743
chr11	118472772	118472874	KMT2A	-0.443651	4154.26	0.0936857
chr11	118472874	118472975	KMT2A	-0.124434	5195.24	0.0728482
chr11	118472975	118473077	KMT2A	0.3538	7313.13	0.0352246
chr11	118473077	118473178	KMT2A	-0.0633976	5481.02	0.0540823
chr11	118473178	118473280	KMT2A	0.452819	7831.98	0.0483823
chr11	118473280	118473381	KMT2A	-0.0241377	5630.09	0.0520339
chr11	118473381	118473483	KMT2A	0.39882	7529.72	0.0552071
chr11	118473483	118473584	KMT2A	-0.822261	3238.87	0.077915
chr11	118473584	118473686	KMT2A	0.404026	7576.66	0.0564301
chr11	118473686	118473787	KMT2A	0.442358	7738.39	0.0588562
chr11	118473787	118473889	KMT2A	0.340054	7215.74	0.0672713
chr11	118473889	118473990	KMT2A	-0.138955	5156.46	0.0764195
chr11	118473990	118474092	KMT2A	0.432184	7720.82	0.051107
chr11	118474092	118474193	KMT2A	0.0188276	5808.02	0.0621316
chr11	118474193	118474295	KMT2A	0.542919	8323.21	0.0430089
chr11	118474295	118474396	KMT2A	0.432952	7690.34	0.0451603
chr11	118474396	118474498	KMT2A	-2.68188	897.724	0.0892786
chr11	118476669	118476771	KMT2A	-1.98029	1451.53	0.0781695
chr11	118476771	118476873	KMT2A	0.715248	9387.62	0.0302252
chr11	118476873	118476975	KMT2A	1.06444	11965	0.0667711
chr11	118476975	118477077	KMT2A	1.0064	11480.9	0.0484283
chr11	118477077	118477179	KMT2A	-0.29169	4657.6	0.0441551
chr11	118477940	118478047	KMT2A	0.438923	7757.2	0.029144
chr11	118478047	118478155	KMT2A	0.828708	10196.9	0.0321416
chr11	118478155	118478263	KMT2A	0.0838322	6068.49	0.0461788
chr11	118478263	118478371	KMT2A	-2.17129	1281.22	0.0868639
chr11	118480008	118480097	KMT2A	-1.86558	1571.46	0.106369
chr11	118480097	118480187	KMT2A	0.82907	10146.6	0.0467347
chr11	118480187	118480277	KMT2A	0.912302	10786	0.0508411
chr11	118480277	118480367	KMT2A	-0.0172961	5595.37	0.0779113
chr11	118481564	118481665	KMT2A	-2.27355	1197.77	0.083564
chr11	118481665	118481766	KMT2A	0.226422	6731.32	0.0375982
chr11	118481766	118481867	KMT2A	0.264708	6883.92	0.038483
chr11	118481867	118481968	KMT2A	0.184441	6502.51	0.0668072
chr11	118481968	118482069	KMT2A	0.289847	6996.27	0.060139
chr11	118482069	118482170	KMT2A	0.307159	7088.76	0.0565307
chr11	118482170	118482272	KMT2A	-1.99357	1437.43	0.124922
chr11	118482307	118482414	KMT2A	0.287636	7058.88	0.0575478
chr11	118482414	118482522	KMT2A	0.48622	8013.46	0.0549092
chr11	118482522	118482630	KMT2A	-1.12796	2603.52	0.0816558
chr11	118484111	118484205	KMT2A	0.138073	6265.28	0.0566837
chr11	118484205	118484299	KMT2A	0.930127	10905.1	0.0464379
chr11	118484299	118484393	KMT2A	0.223757	6682.19	0.0523057
chr11	118484393	118484487	KMT2A	-2.22352	1213.57	0.148226
chr11	118484645	118484755	KMT2A	-1.85423	1556.62	0.155208
chr11	118484755	118484865	KMT2A	0.500353	8047.94	0.0640534
chr11	118484865	118484975	KMT2A	1.00747	11480.1	0.0479986
chr11	118484975	118485086	KMT2A	-0.307381	4592.2	0.0742202
chr11	118488502	118488597	KMT2A	-0.0772291	5393.13	0.0542657
chr11	118488597	118488692	KMT2A	0.63507	8767.66	0.120771
chr11	118488692	118488787	KMT2A	0.701672	9220.71	0.0768322
chr11	118488787	118488882	KMT2A	-2.37612	1081.01	0.224569
chr11	118489582	118489676	KMT2A	-2.64476	909.624	0.129749
chr11	118489676	118489771	KMT2A	-0.263679	4754.68	0.0579832
chr11	118489771	118489866	KMT2A	0.678603	9181.95	0.0391942
chr11	118489866	118489961	KMT2A	0.349389	7310.71	0.0289223
chr11	118489961	118490056	KMT2A	-0.360892	4459.88	0.0371624
chr11	118490056	118490151	KMT2A	0.0415134	5898.49	0.0407945
chr11	118490151	118490246	KMT2A	0.818641	10110	0.0284302
chr11	118490246	118490341	KMT2A	-0.589107	3822.55	0.0629155
chr11	118490341	118490436	KMT2A	-2.4035	1071.2	0.131097
chr11	118491072	118491165	KMT2A	0.0602281	5990.66	0.0402341
chr11	118491165	118491258	KMT2A	0.606055	8767.97	0.037027
chr11	118491258	118491351	KMT2A	0.653759	9022.89	0.0318399
chr11	118491351	118491444	KMT2A	-2.06064	1369.33	0.126516
chr11	118491535	118491632	KMT2A	-2.17256	1262.05	0.137264
chr11	118491632	118491729	KMT2A	-0.064248	5463.14	0.0466242
chr11	118491729	118491827	KMT2A	0.456936	7840	0.0408673
chr11	118491827	118491924	KMT2A	0.487258	8044.26	0.0431123
chr11	118491924	118492021	KMT2A	0.282218	6984.72	0.0395749
chr11	118492021	118492119	KMT2A	-2.36312	1126.2	0.11745
chr11	118492856	118492948	KMT2A	-2.41951	1064.13	0.121
chr11	118492948	118493041	KMT2A	-0.161562	5105.41	0.0577438
chr11	118493041	118493134	KMT2A	0.503719	8085.56	0.0425005
chr11	118493134	118493226	KMT2A	0.952008	11052.5	0.0304604
chr11	118493226	118493319	KMT2A	0.481473	7967.87	0.030859
chr11	118493319	118493412	KMT2A	-2.26354	1191.6	0.105082
chr11	118494063	118494154	KMT2A	-0.11806	5260.39	0.0371884
chr11	118494154	118494245	KMT2A	0.40375	7519.71	0.0594166
chr11	118494245	118494336	KMT2A	0.254293	6813.03	0.0763793
chr11	118494336	118494427	KMT2A	-0.585606	3792.74	0.105096
chr11	118494427	118494519	KMT2A	-2.24425	1190.3	0.17455
chr11	118494665	118494759	KMT2A	-0.200301	4948.05	0.0783652
chr11	118494759	118494853	KMT2A	-0.279244	4761.29	0.051108
chr11	118494853	118494948	KMT2A	-2.11618	1332.12	0.105278
chr11	118495587	118495700	KMT2A	0.0636942	6003.71	0.0542776
chr11	118495700	118495814	KMT2A	0.207134	6593.11	0.0586973
chr11	118495814	118495928	KMT2A	0.448966	7770.59	0.051905
chr11	118496042	118496135	KMT2A	-2.31912	1131.57	0.146847
chr11	118496135	118496228	KMT2A	-0.121345	5260.85	0.0658153
chr11	118496228	118496321	KMT2A	1.43071	15382.5	0.0515182
chr11	118496321	118496414	KMT2A	1.23731	13441.1	0.0464094
chr11	118496414	118496507	KMT2A	-0.165948	5087.56	0.0668712
chr11	118496507	118496600	KMT2A	-2.33262	1129.05	0.158639
chr11	118497812	118497907	KMT2A	-2.42692	1068.06	0.0802205
chr11	118497907	118498003	KMT2A	0.573421	8483.12	0.0482222
chr11	118498003	118498099	KMT2A	0.738199	9540.84	0.0317924
chr11	118498099	118498195	KMT2A	-0.572361	3858.59	0.0663878
chr11	118498195	118498290	KMT2A	0.400325	7525.97	0.0442663
chr11	118498290	118498386	KMT2A	0.95101	11006.5	0.0386149
chr11	118498386	118498482	KMT2A	-0.121986	5222.26	0.0679502
chr11	118498482	118498578	KMT2A	-0.589703	3790.29	0.0735849
chr11	118498578	118498674	KMT2A	-2.45342	1049.73	0.117838
chr11	118499196	118499284	KMT2A	0.129994	6255.42	0.0406151
chr11	118499284	118499373	KMT2A	0.895908	10665.3	0.0378891
chr11	118499373	118499461	KMT2A	0.915099	10771.8	0.0335887
chr11	118499461	118499550	KMT2A	-1.35441	2239.41	0.079551
chr11	118499628	118499727	KMT2A	-2.09812	1341.5	0.103512
chr11	118499727	118499827	KMT2A	0.393389	7516.55	0.0394119
chr11	118499827	118499927	KMT2A	0.537285	8284.69	0.0279403
chr11	118499927	118500027	KMT2A	-0.789615	3286.93	0.0561695
chr11	118500027	118500127	KMT2A	-2.55018	968.033	0.150229
chr11	118500772	118500871	KMT2A	-2.32407	1142.63	0.109501
chr11	118500871	118500971	KMT2A	0.00386904	5753.92	0.0346256
chr11	118500971	118501070	KMT2A	1.00309	11480.9	0.0271704
chr11	118501070	118501170	KMT2A	0.11767	6204.41	0.0293717
chr11	118501170	118501270	KMT2A	-2.50055	1000.78	0.127738
chr11	118501539	118501639	KMT2A	-2.26932	1193.62	0.123063
chr11	118501639	118501740	KMT2A	-0.47069	4116.63	0.0880797
chr11	118501740	118501841	KMT2A	0.7395	9515.53	0.0361965
chr11	118501841	118501942	KMT2A	0.779748	9799.3	0.0402048
chr11	118501942	118502043	KMT2A	-2.03549	1412.75	0.110174
chr11	118502213	118502313	KMT2A	-2.19886	1254.87	0.0997076
chr11	118502313	118502414	KMT2A	0.422146	7652.57	0.0296538
chr11	118502414	118502514	KMT2A	0.247755	6810.21	0.0350031
chr11	118502514	118502615	KMT2A	0.460715	7840.51	0.0399105
chr11	118502615	118502716	KMT2A	-0.109537	5302.59	0.0488277
chr11	118502716	118502816	KMT2A	-0.0798919	5389.8	0.0412194
chr11	118502816	118502917	KMT2A	0.280522	6916.05	0.0368239
chr11	118502917	118503017	KMT2A	0.210375	6630.46	0.0307072
chr11	118503017	118503118	KMT2A	0.195784	6575.37	0.0357447
chr11	118503118	118503219	KMT2A	0.249214	6790.69	0.032993
chr11	118503219	118503319	KMT2A	0.467773	7939.86	0.0317386
chr11	118503319	118503420	KMT2A	0.321299	7180.49	0.0364922
chr11	118503420	118503520	KMT2A	0.200767	6630.48	0.0337118
chr11	118503520	118503621	KMT2A	0.263776	6875.78	0.0394035
chr11	118503621	118503722	KMT2A	-0.132657	5198.79	0.0669553
chr11	118503722	118503822	KMT2A	-0.0553186	5478.21	0.0627869
chr11	118503822	118503923	KMT2A	-0.0147366	5630.44	0.0555288
chr11	118503923	118504023	KMT2A	0.348107	7264.62	0.0518109
chr11	118504023	118504124	KMT2A	-0.0265854	5642.91	0.0569201
chr11	118504124	118504225	KMT2A	0.296698	7068.44	0.0401361
chr11	118504225	118504325	KMT2A	0.565537	8491.89	0.0295216
chr11	118504325	118504426	KMT2A	0.0772279	6072.71	0.0421274
chr11	118504426	118504527	KMT2A	0.567287	8490.51	0.0281242
chr11	118504527	118504627	KMT2A	0.189492	6573.11	0.0436508
chr11	118504627	118504728	KMT2A	0.465003	7902.7	0.0425323
chr11	118504728	118504828	KMT2A	-0.265566	4771.67	0.0416856
chr11	118504828	118504929	KMT2A	0.0176681	5800.9	0.048319
chr11	118504929	118505030	KMT2A	0.318284	7119.3	0.0397153
chr11	118505030	118505130	KMT2A	0.0951253	6121.86	0.0428213
chr11	118505130	118505231	KMT2A	0.31257	7090.18	0.0340341
chr11	118505231	118505331	KMT2A	-0.134716	5218.96	0.0518931
chr11	118505331	118505432	KMT2A	0.184693	6507.45	0.0551913
chr11	118505432	118505533	KMT2A	0.139399	6308.72	0.0661934
chr11	118505533	118505633	KMT2A	0.255604	6847.74	0.04563
chr11	118505633	118505734	KMT2A	0.559152	8456.23	0.0482297
chr11	118505734	118505834	KMT2A	0.355191	7382.45	0.0750555
chr11	118505834	118505935	KMT2A	0.295205	7004.7	0.0349302
chr11	118505935	118506036	KMT2A	-0.114983	5252.76	0.0465521
chr11	118506036	118506136	KMT2A	0.13015	6247.39	0.0529836
chr11	118506136	118506237	KMT2A	-0.111746	5313.77	0.0421468
chr11	118506237	118506337	KMT2A	0.487907	8015.18	0.0444592
chr11	118506337	118506438	KMT2A	-0.0156577	5649.63	0.0697342
chr11	118506438	118506539	KMT2A	-0.00463218	5744.59	0.0557221
chr11	118506539	118506639	KMT2A	0.676925	9153.93	0.0235377
chr11	118506639	118506740	KMT2A	0.0932616	6102.35	0.0413396
chr11	118506740	118506841	KMT2A	-2.48263	1025	0.0850898
chr11	118507415	118507524	KMT2A	0.354705	7299.51	0.0519866
chr11	118507524	118507633	KMT2A	0.758011	9702.68	0.0320939
chr11	118507633	118507742	KMT2A	-0.128062	5235.26	0.0441193
chr11	118507742	118507851	KMT2A	-2.29383	1166.62	0.0872922
chr11	118509001	118509098	KMT2A	-2.24386	1214.74	0.129077
chr11	118509098	118509196	KMT2A	0.16046	6391.81	0.0524953
chr11	118509196	118509294	KMT2A	1.27394	13790.2	0.0312053
chr11	118509294	118509392	KMT2A	0.299023	6996.93	0.0478192
chr11	118509392	118509490	KMT2A	-2.06833	1344.41	0.139748
chr11	118509793	118509900	KMT2A	-1.83502	1592.92	0.116927
chr11	118509900	118510007	KMT2A	0.00282206	5719.28	0.0668579
chr11	118510007	118510115	KMT2A	0.607692	8667.72	0.0359974
chr11	118510115	118510222	KMT2A	0.172239	6425.19	0.0554907
chr11	118510222	118510330	KMT2A	-2.05041	1387.02	0.0988763
chr11	118511830	118511921	KMT2A	-2.69351	870.473	0.148663
chr11	118511921	118512012	KMT2A	0.299491	6999.64	0.0693979
chr11	118512012	118512103	KMT2A	0.349667	7313.76	0.0662015
chr11	118512103	118512194	KMT2A	-2.30521	1164.29	0.131511
chr11	118519487	118519591	KMT2A	-2.24134	1221.57	0.0650202
chr11	118519591	118519696	KMT2A	0.107855	6181.38	0.0469465
chr11	118519696	118519801	KMT2A	0.693922	9263.85	0.0245695
chr11	118519801	118519906	KMT2A	0.0630248	5957.04	0.0326099
chr11	118519906	118520011	KMT2A	0.693689	9262.06	0.032312
chr11	118520011	118520116	KMT2A	0.866039	10419.6	0.0342032
chr11	118520116	118520221	KMT2A	-2.02968	1406.92	0.0995199
chr11	118520690	118520801	KMT2A	0.148804	6276.29	0.0494454
chr11	118520801	118520913	KMT2A	0.653306	8968.51	0.0432412
chr11	118520913	118521025	KMT2A	-1.23458	2421.8	0.0975775
chr11	118521123	118521224	KMT2A	-0.154647	5154.21	0.0457769
chr11	118521224	118521325	KMT2A	0.530431	8223.06	0.0588794
chr11	118521325	118521426	KMT2A	1.13307	12581.9	0.0447609
chr11	118521426	118521527	KMT2A	0.0932925	6123.85	0.0601487
chr11	118521527	118521628	KMT2A	-2.35298	1117.24	0.128307
chr11	118521761	118521866	KMT2A	-0.320336	4559.77	0.0663672
chr11	118521866	118521971	KMT2A	-0.17826	5036.85	0.0466179
chr11	118521971	118522077	KMT2A	-0.101438	5328.56	0.0576592
chr11	118522077	118522182	KMT2A	-0.224118	4901.7	0.0793145
chr11	118522182	118522287	KMT2A	-0.681595	3574.78	0.0828425
chr11	118522287	118522393	KMT2A	-2.3164	1148	0.0930294
chr11	119277603	119277708	CBL	-1.07214	2686.59	0.108934
chr11	119277708	119277813	CBL	0.673068	9043.88	0.0734341
chr11	119277813	119277919	CBL	0.0781933	5992.69	0.0827904
chr11	119278019	119278121	CBL	-1.92744	1505.88	0.123668
chr11	119278121	119278224	CBL	-0.179424	5036.1	0.0498784
chr11	119278224	119278327	CBL	-0.45215	4147.44	0.0607604
chr11	119278337	119278430	CBL	-1.61331	1875.45	0.0718146
chr11	119278430	119278523	CBL	-0.31956	4592.96	0.0593013
chr11	119278523	119278616	CBL	0.584905	8541.36	0.0287191
chr11	119278616	119278709	CBL	0.866141	10420.4	0.037705
chr11	119278709	119278802	CBL	0.240708	6762.94	0.0329415
chr11	119278802	119278895	CBL	-2.1854	1251.82	0.11549
chr12	11649926	11650029	ETV6	-2.77343	835.161	0.103355
chr12	11650029	11650133	ETV6	0.00706418	5720.94	0.0451082
chr12	11650133	11650237	ETV6	0.150409	6362.68	0.0604255
chr12	11650237	11650341	ETV6	-2.23718	1224.04	0.0979179
chr12	11752412	11752506	ETV6	-0.00387594	5703.55	0.0380385
chr12	11752506	11752601	ETV6	-0.570871	3862.06	0.051341
chr12	11752601	11752696	ETV6	-2.44532	1039.49	0.104591
chr12	11838999	11839109	ETV6	-2.21944	1181.97	0.197499
chr12	11839109	11839220	ETV6	-0.425985	3903.22	0.101744
chr12	11839220	11839331	ETV6	-0.206557	4914.88	0.0590271
chr12	11853318	11853405	ETV6	0.171854	6449.52	0.0420886
chr12	11853405	11853493	ETV6	0.879062	10505.1	0.0348834
chr12	11853493	11853580	ETV6	0.914254	10786.7	0.0304754
chr12	11853580	11853668	ETV6	-0.188188	5003.55	0.0667321
chr12	11869291	11869395	ETV6	-2.50679	993.044	0.0818233
chr12	11869395	11869499	ETV6	0.0649099	6011.06	0.0406729
chr12	11869499	11869604	ETV6	0.42489	7684.99	0.0438732
chr12	11869604	11869708	ETV6	0.378785	7428.01	0.0594952
chr12	11869708	11869812	ETV6	0.152761	6376.06	0.0507758
chr12	11869812	11869917	ETV6	0.575517	8499.3	0.0505016
chr12	11869917	11870021	ETV6	-0.619449	3708.12	0.0740312
chr12	11870021	11870126	ETV6	-2.3832	1099.37	0.0872254
chr12	11884359	11884457	ETV6	-0.152074	5112.16	0.0492275
chr12	11884457	11884555	ETV6	0.986961	11299.8	0.0506596
chr12	11884555	11884653	ETV6	0.988978	11370.7	0.040515
chr12	11884653	11884751	ETV6	0.375448	7404.7	0.0379277
chr12	11884751	11884849	ETV6	-2.34932	1122.82	0.111991
chr12	11885809	11885896	ETV6	-2.25218	1207.4	0.109725
chr12	11885896	11885984	ETV6	0.614224	8725.36	0.0400515
chr12	11885984	11886072	ETV6	0.619595	8765.32	0.0437347
chr12	11886072	11886160	ETV6	-2.42301	1059.87	0.105139
chr12	11890904	11890989	ETV6	0.43487	7687.86	0.0524427
chr12	11890989	11891075	ETV6	-0.284378	4650	0.0803769
chr12	11891075	11891161	ETV6	-2.213	1220.17	0.116727
chr12	22658874	22658973	ETNK1	-2.52858	980.374	0.135825
chr12	22658973	22659072	ETNK1	0.495474	7999.81	0.0615939
chr12	22659072	22659171	ETNK1	0.678019	9073.06	0.0605175
chr12	22659171	22659271	ETNK1	0.193706	6537.82	0.065717
chr12	25215371	25215463	KRAS	0.302224	6983.72	0.0894391
chr12	25215463	25215555	KRAS	0.650183	8903.6	0.0758268
chr12	25215555	25215648	KRAS	-0.402715	4258.6	0.105382
chr12	25225488	25225585	KRAS	0.163533	6357.74	0.0967451
chr12	25225585	25225682	KRAS	0.0892714	6042.79	0.0745858
chr12	25225682	25225779	KRAS	0.623963	8802.97	0.0612943
chr12	25225779	25225876	KRAS	0.331958	7160.11	0.0636566
chr12	25225876	25225973	KRAS	-2.35048	1103.06	0.153246
chr12	25227106	25227196	KRAS	-1.86802	1534.36	0.151455
chr12	25227196	25227286	KRAS	-0.190856	4951.9	0.0941756
chr12	25227286	25227376	KRAS	1.09032	12089	0.0482525
chr12	25227376	25227466	KRAS	0.721089	9405.96	0.0607832
chr12	25227466	25227557	KRAS	-2.25295	1209.71	0.0997692
chr12	25245219	25245334	KRAS	0.111733	6165.66	0.0728995
chr12	25245334	25245450	KRAS	0.0669554	5937.54	0.0802294
chr12	54292253	54292354	NFE2	-2.34401	1138.15	0.0703594
chr12	54292354	54292456	NFE2	-0.112765	5297.39	0.0422187
chr12	54292456	54292558	NFE2	0.463042	7886.97	0.0363379
chr12	54292558	54292660	NFE2	-0.0111853	5704.87	0.038695
chr12	54292660	54292761	NFE2	0.152351	6359.76	0.0465999
chr12	54292761	54292863	NFE2	0.341699	7246.94	0.0443941
chr12	54292863	54292965	NFE2	0.441871	7774.06	0.0396623
chr12	54292965	54293067	NFE2	0.00127936	5738.4	0.0489867
chr12	54293067	54293168	NFE2	-0.334286	4518.02	0.0621056
chr12	54293168	54293270	NFE2	0.282408	6951.14	0.0825008
chr12	54293270	54293372	NFE2	0.590064	8625.59	0.0600788
chr12	54293372	54293474	NFE2	-0.580324	3825.37	0.0491096
chr12	54294948	54295057	NFE2	-2.20085	1249.45	0.0736982
chr12	54295057	54295167	NFE2	-0.0136913	5666.95	0.0545626
chr12	54295167	54295276	NFE2	0.0807373	6044.99	0.0643415
chr12	54295276	54295386	NFE2	-2.11494	1332.43	0.0923219
chr12	111418116	111418220	SH2B3	-0.00407186	5742	0.057897
chr12	111418220	111418325	SH2B3	0.168003	6422.31	0.0646175
chr12	111418325	111418429	SH2B3	-0.13199	5204	0.0837641
chr12	111418429	111418534	SH2B3	-0.800241	3290.68	0.125336
chr12	111418534	111418639	SH2B3	0.219815	6641.98	0.099857
chr12	111418639	111418743	SH2B3	0.207121	6605.48	0.100461
chr12	111418743	111418848	SH2B3	-0.470546	4132.91	0.0555151
chr12	111418848	111418953	SH2B3	-0.117624	5260.6	0.0396703
chr12	111434791	111434901	SH2B3	0.043214	5906.14	0.0638934
chr12	111434901	111435012	SH2B3	0.230396	6694.92	0.0575958
chr12	111435012	111435123	SH2B3	-0.254439	4766.22	0.0592959
chr12	111435123	111435234	SH2B3	-2.41015	1072.64	0.083345
chr12	111444605	111444705	SH2B3	-0.37061	4395.71	0.047381
chr12	111444705	111444805	SH2B3	-0.0969151	5326.56	0.062907
chr12	111444805	111444905	SH2B3	-0.664604	3606.06	0.0684149
chr12	111444905	111445006	SH2B3	-2.48747	1023.05	0.0986624
chr12	111446659	111446762	SH2B3	0.172354	6431.89	0.0456975
chr12	111446762	111446866	SH2B3	0.449038	7790.19	0.0360062
chr12	111446866	111446970	SH2B3	0.208542	6592.44	0.0486537
chr12	111446970	111447073	SH2B3	-0.199869	4980.26	0.0615026
chr12	111447073	111447177	SH2B3	0.601918	8663.58	0.0955437
chr12	111447177	111447281	SH2B3	0.873066	10429.8	0.097901
chr12	111447281	111447384	SH2B3	0.689507	9131.57	0.103816
chr12	111447384	111447488	SH2B3	-0.204976	4921.66	0.127587
chr12	111447488	111447592	SH2B3	-1.11432	2614.05	0.159426
chr12	111447592	111447695	SH2B3	-0.946356	2894.85	0.140164
chr12	111447695	111447799	SH2B3	-0.393709	4301.15	0.0990005
chr12	111447799	111447903	SH2B3	-0.474161	4075.65	0.0713792
chr12	111447958	111448058	SH2B3	0.00364047	5775.28	0.0470117
chr12	111448058	111448159	SH2B3	-0.228639	4887.09	0.0540069
chr12	111448159	111448260	SH2B3	0.121201	6237.4	0.0491875
chr12	111448260	111448361	SH2B3	-0.161142	5078.78	0.0682334
chr12	112450228	112450338	PTPN11	0.180771	6456.51	0.0398447
chr12	112450338	112450449	PTPN11	0.246908	6792.17	0.0428523
chr12	112450449	112450560	PTPN11	0.432729	7717.45	0.0390799
chr12	112488952	112489045	PTPN11	0.331104	7215.29	0.0303383
chr12	112489045	112489138	PTPN11	0.200173	6621.43	0.0436222
chr12	112489138	112489231	PTPN11	0.156809	6372.85	0.0516141
chr13	28018394	28018485	FLT3	0.262219	6834.27	0.0472869
chr13	28018485	28018576	FLT3	0.73872	9546.05	0.0440756
chr13	28018576	28018668	FLT3	-0.295078	4641.1	0.0692296
chr13	28033716	28033817	FLT3	0.0774154	6024.28	0.0628899
chr13	28033817	28033918	FLT3	0.558892	8429.23	0.0582915
chr13	28033918	28034019	FLT3	1.15805	12774.5	0.0639223
chr13	28034019	28034120	FLT3	0.855397	10350	0.0917411
chr13	28034120	28034221	FLT3	1.049	11816.9	0.0834908
chr13	28034221	28034322	FLT3	1.20702	13215.6	0.0660743
chr13	28034322	28034423	FLT3	0.608131	8732.97	0.0696757
chr13	28034423	28034524	FLT3	-2.02536	1408.15	0.131355
chr15	90088478	90088581	IDH2	-0.285402	4705.33	0.0373738
chr15	90088581	90088685	IDH2	0.333085	7214.92	0.0376694
chr15	90088685	90088788	IDH2	-0.291493	4658.55	0.0604714
chr15	90088788	90088892	IDH2	-3.15682	644.762	0.096193
chr17	1650669	1650770	PRPF8	-2.55266	979.928	0.0791596
chr17	1650770	1650871	PRPF8	0.264262	6863	0.0462021
chr17	1650871	1650972	PRPF8	0.524698	8251.93	0.0470588
chr17	1650972	1651073	PRPF8	0.141463	6301.82	0.0545606
chr17	1651073	1651174	PRPF8	0.361264	7356.23	0.0526368
chr17	1651174	1651275	PRPF8	-0.212961	4885.2	0.06405
chr17	1651275	1651376	PRPF8	-0.0408313	5528.11	0.0717096
chr17	1651376	1651477	PRPF8	0.543406	8368.78	0.0652596
chr17	1651477	1651578	PRPF8	0.267901	6891.24	0.0689168
chr17	1651578	1651679	PRPF8	-0.0796725	5376.88	0.0742269
chr17	1651679	1651780	PRPF8	-0.210655	4866.65	0.0659273
chr17	1651780	1651881	PRPF8	0.104934	6153.59	0.0418787
chr17	1653417	1653515	PRPF8	-0.162953	5076.85	0.0533459
chr17	1653515	1653614	PRPF8	0.675265	9121.07	0.0381691
chr17	1653614	1653712	PRPF8	0.740755	9536.7	0.0641478
chr17	1653712	1653811	PRPF8	0.0914518	6083.39	0.0885786
chr17	1653811	1653909	PRPF8	0.752705	9574.68	0.083881
chr17	1653909	1654008	PRPF8	0.894	10670.8	0.0447909
chr17	1654008	1654106	PRPF8	0.321883	7157.33	0.0535413
chr17	1654106	1654205	PRPF8	-2.267	1181.61	0.0974208
chr17	1655236	1655334	PRPF8	-0.320154	4552.25	0.0367907
chr17	1655334	1655432	PRPF8	0.827349	10136	0.0336717
chr17	1655432	1655530	PRPF8	0.411501	7533.88	0.0625357
chr17	1655530	1655628	PRPF8	-0.70292	3511.81	0.0990812
chr17	1655628	1655727	PRPF8	-2.45598	1058.51	0.106482
chr17	1656259	1656352	PRPF8	-2.54987	987.562	0.0990414
chr17	1656352	1656445	PRPF8	-0.795385	3282.91	0.0637629
chr17	1656445	1656538	PRPF8	0.698028	9248.22	0.0421664
chr17	1656538	1656632	PRPF8	0.665003	9064.68	0.0461309
chr17	1656632	1656725	PRPF8	0.616924	8797.54	0.05194
chr17	1656725	1656818	PRPF8	0.749537	9637.49	0.046256
chr17	1656818	1656912	PRPF8	-2.30765	1172.61	0.0846933
chr17	1658176	1658280	PRPF8	0.430184	7724.01	0.0393137
chr17	1658280	1658384	PRPF8	0.599351	8683.16	0.0498695
chr17	1658384	1658488	PRPF8	0.605921	8698.29	0.048641
chr17	1658488	1658592	PRPF8	0.473658	7936.97	0.0418994
chr17	1658592	1658696	PRPF8	0.521788	8243.37	0.0372886
chr17	1658696	1658800	PRPF8	0.585124	8602.35	0.0369264
chr17	1658800	1658904	PRPF8	-2.34462	1139.1	0.100984
chr17	1659187	1659290	PRPF8	-2.15154	1284.2	0.106021
chr17	1659290	1659394	PRPF8	0.482677	8000.48	0.0470942
chr17	1659394	1659498	PRPF8	0.638449	8898.2	0.0410533
chr17	1659498	1659602	PRPF8	0.492648	8033.55	0.0388445
chr17	1659602	1659706	PRPF8	-2.13367	1296.53	0.123894
chr17	1659729	1659833	PRPF8	-0.105481	5313.89	0.051548
chr17	1659833	1659937	PRPF8	0.45156	7845.47	0.0374045
chr17	1659937	1660041	PRPF8	0.617991	8766.53	0.0405501
chr17	1660041	1660146	PRPF8	-2.19414	1246.8	0.100201
chr17	1660300	1660398	PRPF8	-2.31988	1151.2	0.104109
chr17	1660398	1660497	PRPF8	0.758799	9699.87	0.0512269
chr17	1660497	1660596	PRPF8	0.768499	9749.77	0.0493315
chr17	1660596	1660695	PRPF8	-0.102776	5302.24	0.0776063
chr17	1660695	1660794	PRPF8	0.0549346	5919.92	0.0873443
chr17	1660794	1660893	PRPF8	-0.469637	4103.38	0.0890039
chr17	1660893	1660992	PRPF8	0.0052494	5740.14	0.0745427
chr17	1660992	1661091	PRPF8	0.209818	6616.97	0.0873777
chr17	1661091	1661190	PRPF8	0.473717	7984.58	0.0759327
chr17	1661190	1661289	PRPF8	0.42064	7672.44	0.0521772
chr17	1661289	1661387	PRPF8	0.955228	11081.9	0.0447858
chr17	1661387	1661486	PRPF8	0.232644	6728.26	0.0528921
chr17	1661486	1661585	PRPF8	-0.0582059	5528.89	0.0652265
chr17	1661585	1661684	PRPF8	0.536898	8308.51	0.0394442
chr17	1661684	1661783	PRPF8	0.611516	8682.32	0.0549116
chr17	1661783	1661882	PRPF8	-0.128742	5197.48	0.0734198
chr17	1661882	1661981	PRPF8	-0.280431	4676.8	0.0632043
chr17	1661981	1662080	PRPF8	0.500565	8122.39	0.0415125
chr17	1662080	1662179	PRPF8	0.607818	8735.33	0.0427558
chr17	1662179	1662278	PRPF8	-2.06962	1374.11	0.0899261
chr17	1672971	1673068	PRPF8	0.327404	7185.09	0.0446897
chr17	1673068	1673165	PRPF8	0.635279	8843.75	0.0684495
chr17	1673165	1673262	PRPF8	0.624012	8791.24	0.0660968
chr17	1673262	1673359	PRPF8	-0.107781	5294.69	0.0575076
chr17	1673359	1673456	PRPF8	0.508645	8094.55	0.062152
chr17	1673456	1673553	PRPF8	0.526872	8238.91	0.0391784
chr17	1673553	1673650	PRPF8	0.122562	6242.24	0.0537536
chr17	1673650	1673747	PRPF8	0.127448	6256.15	0.0508146
chr17	1673747	1673844	PRPF8	0.518749	8172.96	0.0493113
chr17	1673844	1673941	PRPF8	-0.0533559	5440.07	0.0995767
chr17	1673941	1674038	PRPF8	-3.5031	487.82	0.192306
chr17	1674302	1674408	PRPF8	-2.33017	1146.81	0.107808
chr17	1674408	1674514	PRPF8	-0.666153	3608.26	0.103784
chr17	1674514	1674620	PRPF8	0.396292	7546.82	0.053312
chr17	1674620	1674726	PRPF8	0.864006	10424.4	0.0281777
chr17	1674726	1674832	PRPF8	-1.94293	1508.32	0.0922445
chr17	1675021	1675116	PRPF8	-2.02092	1416.94	0.076793
chr17	1675116	1675212	PRPF8	0.558552	8409.37	0.0287581
chr17	1675212	1675308	PRPF8	0.327387	7191.73	0.0379629
chr17	1675308	1675404	PRPF8	0.27895	6947.28	0.036503
chr17	1675503	1675603	PRPF8	-0.166578	5090.77	0.0460396
chr17	1675603	1675703	PRPF8	-0.276387	4709.21	0.0577099
chr17	1675703	1675803	PRPF8	-0.0999147	5333.55	0.067472
chr17	1675803	1675903	PRPF8	-0.12568	5250.46	0.0683804
chr17	1675903	1676003	PRPF8	0.00252862	5663.34	0.0567945
chr17	1676003	1676104	PRPF8	0.849392	10320.2	0.0393126
chr17	1676104	1676204	PRPF8	0.119664	6201.13	0.0726028
chr17	1676204	1676304	PRPF8	-0.204091	4906.84	0.0998187
chr17	1676304	1676404	PRPF8	-0.350426	4476.54	0.101313
chr17	1676404	1676504	PRPF8	-0.107536	5286.46	0.0902129
chr17	1676504	1676604	PRPF8	0.552093	8395.78	0.0760577
chr17	1676604	1676705	PRPF8	0.775018	9759.64	0.0675533
chr17	1676705	1676805	PRPF8	-0.897705	3073.56	0.0736807
chr17	1676805	1676905	PRPF8	-0.985948	2894.7	0.0450896
chr17	1676905	1677005	PRPF8	0.261165	6875.94	0.0520622
chr17	1677005	1677105	PRPF8	0.429531	7730.75	0.0491827
chr17	1677105	1677205	PRPF8	0.385577	7458.05	0.0357929
chr17	1677205	1677306	PRPF8	-2.48768	1015.61	0.0972461
chr17	1677444	1677549	PRPF8	0.116877	6205.34	0.0429571
chr17	1677549	1677654	PRPF8	0.38048	7441.81	0.0531483
chr17	1677654	1677760	PRPF8	0.526064	8215.75	0.0558313
chr17	1678304	1678404	PRPF8	-2.51321	1002.25	0.102398
chr17	1678404	1678504	PRPF8	-0.817934	3241.35	0.0871028
chr17	1678504	1678605	PRPF8	0.3747	7419.79	0.0521143
chr17	1678605	1678705	PRPF8	0.881699	10562.4	0.0432989
chr17	1678705	1678806	PRPF8	0.296909	7021.19	0.0395761
chr17	1678806	1678906	PRPF8	0.442216	7726.12	0.0448126
chr17	1678906	1679007	PRPF8	0.080632	6018.81	0.0686735
chr17	1679007	1679107	PRPF8	0.0460288	5889.47	0.0792709
chr17	1679107	1679208	PRPF8	0.545809	8308.61	0.068504
chr17	1679208	1679308	PRPF8	0.662421	9055.54	0.0636681
chr17	1679308	1679409	PRPF8	0.773297	9764.74	0.0749717
chr17	1679409	1679509	PRPF8	-0.525091	4001.83	0.0878971
chr17	1679509	1679610	PRPF8	0.00314223	5733.17	0.0471427
chr17	1679610	1679710	PRPF8	0.660369	8950.02	0.0496409
chr17	1679710	1679811	PRPF8	0.713613	9380.69	0.0419353
chr17	1679811	1679911	PRPF8	0.418391	7625.89	0.0443696
chr17	1679911	1680012	PRPF8	-2.27346	1185.34	0.0911179
chr17	1680639	1680748	PRPF8	0.345016	7261.53	0.0369099
chr17	1680748	1680857	PRPF8	0.0353452	5875.88	0.0731452
chr17	1680857	1680967	PRPF8	-0.304167	4617.55	0.097217
chr17	1680967	1681076	PRPF8	-0.501345	4049.76	0.105491
chr17	1681076	1681186	PRPF8	-2.35923	1121.09	0.110753
chr17	1681358	1681460	PRPF8	-0.272836	4723.73	0.0542826
chr17	1681460	1681562	PRPF8	0.790341	9853.17	0.0429901
chr17	1681562	1681665	PRPF8	0.775361	9782.69	0.0460411
chr17	1681665	1681767	PRPF8	0.601563	8660.07	0.0612836
chr17	1681767	1681870	PRPF8	-0.389859	4339.26	0.0770693
chr17	1681870	1681972	PRPF8	-0.428423	4217.32	0.0796332
chr17	1681972	1682074	PRPF8	0.618714	8730.63	0.115711
chr17	1682074	1682177	PRPF8	0.191164	6521.93	0.131473
chr17	1682177	1682279	PRPF8	0.279105	6845.54	0.0809058
chr17	1682279	1682382	PRPF8	0.290256	6997.71	0.0479006
chr17	1683421	1683523	PRPF8	-0.198566	4954.18	0.0661515
chr17	1683523	1683626	PRPF8	0.319984	7155.75	0.0380179
chr17	1683626	1683728	PRPF8	0.601067	8590.4	0.0724938
chr17	1683728	1683831	PRPF8	-2.23576	1193.49	0.13269
chr17	1684325	1684425	PRPF8	-2.64763	899.901	0.132313
chr17	1684425	1684526	PRPF8	0.0972963	6137.67	0.0589395
chr17	1684526	1684626	PRPF8	0.75911	9701.12	0.0508315
chr17	1684626	1684727	PRPF8	-2.40378	1087.83	0.0690112
chr17	7669450	7669546	TP53	-3.29583	572.842	0.14121
chr17	7669546	7669643	TP53	0.0118666	5736.79	0.0452179
chr17	7669643	7669740	TP53	0.227372	6684.63	0.0315645
chr17	7669740	7669837	TP53	-2.38757	1093.12	0.0965127
chr17	7670545	7670662	TP53	0.0110884	5789.29	0.0381741
chr17	7670662	7670780	TP53	0.0154687	5770.01	0.0532247
chr17	7673069	7673170	TP53	-2.41095	1068.15	0.140108
chr17	7673170	7673271	TP53	-0.181592	5046.01	0.0706606
chr17	7673271	7673373	TP53	0.832462	10190.5	0.045161
chr17	7673373	7673474	TP53	-0.729941	3485.87	0.0705155
chr17	7673474	7673575	TP53	0.191437	6568.87	0.0442475
chr17	7673575	7673677	TP53	0.494483	8085.73	0.0544262
chr17	7673677	7673778	TP53	0.278213	6960.88	0.052367
chr17	7673778	7673879	TP53	0.812675	10025.1	0.0473015
chr17	7673879	7673981	TP53	-0.787901	3336.51	0.0594003
chr17	7673981	7674082	TP53	-0.0177986	5649.84	0.0563846
chr17	7674082	7674183	TP53	0.178049	6408.89	0.0692748
chr17	7674183	7674285	TP53	0.537191	8323.59	0.0366664
chr17	7674285	7674386	TP53	-0.05673	5499.81	0.0422244
chr17	7674386	7674488	TP53	-2.34874	1134.95	0.0829007
chr17	7674739	7674846	TP53	-0.312945	4565.84	0.0474346
chr17	7674846	7674953	TP53	0.049854	5908.72	0.0510057
chr17	7674953	7675060	TP53	0.13669	6287.81	0.0441844
chr17	7675060	7675167	TP53	-0.221395	4902.84	0.0423633
chr17	7675167	7675274	TP53	-0.0759281	5429.13	0.0390992
chr17	7675840	7675940	TP53	-2.41851	1084.57	0.0999653
chr17	7675940	7676041	TP53	-0.226182	4896.87	0.0723785
chr17	7676041	7676142	TP53	0.277554	6942.72	0.0709666
chr17	7676142	7676243	TP53	-0.40899	4316.58	0.0763714
chr17	7676243	7676343	TP53	-0.771782	3336.08	0.139217
chr17	7676343	7676444	TP53	-1.50775	2013.7	0.165991
chr17	7676444	7676545	TP53	-0.399437	4327.92	0.105551
chr17	7676545	7676646	TP53	-0.0560333	5502.02	0.0606688
chr17	7676646	7676747	TP53	-2.57608	960.132	0.0742064
chr17	31095129	31095226	NF1	-3.77637	415.853	0.109703
chr17	31095226	31095323	NF1	-1.25444	2382.36	0.11101
chr17	31095323	31095421	NF1	-0.836059	3137.3	0.112973
chr17	31155915	31156003	NF1	0.131448	6308.72	0.0477782
chr17	31156003	31156091	NF1	1.11354	12441.4	0.0396606
chr17	31156091	31156179	NF1	0.696718	9300.56	0.0402696
chr17	31156179	31156267	NF1	-2.21087	1236.06	0.13352
chr17	31158885	31159009	NF1	-1.57263	1931.37	0.0877824
chr17	31159009	31159134	NF1	0.305386	7065.5	0.0350202
chr17	31163078	31163181	NF1	0.226731	6762.23	0.0490131
chr17	31163181	31163285	NF1	0.559042	8504.02	0.0434557
chr17	31163285	31163389	NF1	0.0169817	5794.66	0.0493321
chr17	31163389	31163493	NF1	-2.40234	1082.72	0.115097
chr17	31169673	31169776	NF1	-2.35427	1104.26	0.143821
chr17	31169776	31169879	NF1	0.31244	7065.77	0.0808733
chr17	31169879	31169982	NF1	1.12948	12450.6	0.0531979
chr17	31169982	31170085	NF1	0.730513	9461.97	0.0498081
chr17	31181392	31181498	NF1	0.00718719	5730.98	0.0945481
chr17	31181498	31181605	NF1	-0.126535	5265.57	0.0839458
chr17	31181605	31181712	NF1	-0.293373	4688.09	0.09346
chr17	31181712	31181819	NF1	0.525736	8220.93	0.0568623
chr17	31182476	31182586	NF1	-0.0571506	5470.24	0.0780704
chr17	31182586	31182696	NF1	-0.396395	4284.28	0.0993125
chr17	31200365	31200468	NF1	0.259546	6917.23	0.0605657
chr17	31200468	31200571	NF1	0.371236	7468.03	0.0457489
chr17	31200571	31200675	NF1	0.312838	7097.38	0.03834
chr17	31200907	31201014	NF1	-2.10377	1333.84	0.110321
chr17	31201014	31201122	NF1	0.412448	7607.52	0.0608074
chr17	31201122	31201230	NF1	0.199386	6553.96	0.0701685
chr17	31201230	31201338	NF1	-1.21508	2453.84	0.122837
chr17	31201338	31201446	NF1	-0.0524385	5500.81	0.0668606
chr17	31201446	31201554	NF1	0.268035	6891.65	0.0545794
chr17	31206147	31206240	NF1	0.450437	7790.98	0.0590858
chr17	31206240	31206334	NF1	0.954507	11056.6	0.0436181
chr17	31206334	31206427	NF1	0.479361	7938.6	0.0472545
chr17	31206427	31206521	NF1	-2.29103	1147.86	0.160608
chr17	31214284	31214396	NF1	-1.60347	1902	0.128573
chr17	31214396	31214508	NF1	0.40035	7504.68	0.0978311
chr17	31214508	31214621	NF1	0.442367	7734.67	0.0805902
chr17	31218922	31219010	NF1	-0.094635	5265.99	0.0628644
chr17	31219010	31219098	NF1	0.714911	9317.85	0.0729943
chr17	31219098	31219186	NF1	0.930378	10816.8	0.0638439
chr17	31219186	31219275	NF1	-0.681929	3546.46	0.0675752
chr17	31221784	31221898	NF1	0.284801	6997.72	0.0654635
chr17	31221898	31222013	NF1	0.85136	10274.7	0.053261
chr17	31222013	31222128	NF1	-1.20748	2484.86	0.0925235
chr17	31223402	31223510	NF1	0.043275	5836.33	0.0600907
chr17	31223510	31223619	NF1	0.100911	6139.51	0.0858735
chr17	31224973	31225082	NF1	-1.93661	1507.04	0.0965889
chr17	31225082	31225191	NF1	0.219283	6700.93	0.0440962
chr17	31225191	31225300	NF1	0.298827	7088.84	0.0531333
chr17	31225300	31225409	NF1	-1.82784	1627.79	0.0989285
chr17	31226359	31226449	NF1	0.185796	6486.46	0.0557755
chr17	31226449	31226540	NF1	0.560933	8431.62	0.046451
chr17	31226540	31226630	NF1	0.49675	8021.38	0.0575458
chr17	31226630	31226721	NF1	0.0221112	5741.95	0.0788682
chr17	31227119	31227244	NF1	-0.0150367	5623.63	0.0404491
chr17	31227244	31227369	NF1	-0.325992	4528.25	0.0801678
chr17	31227465	31227589	NF1	0.278585	6940.68	0.088191
chr17	31227589	31227713	NF1	0.15961	6383.24	0.0517841
chr17	31228990	31229096	NF1	0.0796279	6003.29	0.0629538
chr17	31229096	31229203	NF1	-0.169807	5066.29	0.0535535
chr17	31229203	31229310	NF1	-0.0739587	5409.72	0.0470551
chr17	31229310	31229416	NF1	0.118176	6163.89	0.0317579
chr17	31229416	31229523	NF1	0.785938	9806.06	0.048695
chr17	31229523	31229630	NF1	-1.9323	1505.89	0.10307
chr17	31229763	31229874	NF1	0.1954	6527.15	0.033175
chr17	31229874	31229985	NF1	-0.0696664	5435.94	0.045477
chr17	31229985	31230096	NF1	0.126256	6249.59	0.0604786
chr17	31230101	31230213	NF1	-0.300788	4616.76	0.0743951
chr17	31230213	31230326	NF1	0.969644	11154.7	0.0520388
chr17	31230326	31230439	NF1	0.310004	7075.1	0.0541204
chr17	31230735	31230840	NF1	0.776516	9826.66	0.0820387
chr17	31230840	31230945	NF1	1.15884	12879.7	0.0903362
chr17	31230945	31231051	NF1	-0.763998	3278.45	0.11739
chr17	31231958	31232058	NF1	0.0820912	6099.33	0.0558454
chr17	31232058	31232158	NF1	0.166812	6474.66	0.0616161
chr17	31232158	31232259	NF1	0.214226	6651.15	0.0735428
chr17	31232594	31232700	NF1	-0.306355	4601.6	0.0495296
chr17	31232700	31232806	NF1	0.663049	9105.53	0.035825
chr17	31232806	31232912	NF1	0.195105	6541.82	0.0536833
chr17	31232912	31233018	NF1	0.594993	8598.79	0.0400754
chr17	31233018	31233124	NF1	0.633562	8888.82	0.0348204
chr17	31233124	31233230	NF1	0.856195	10396.9	0.050058
chr17	31233230	31233336	NF1	-1.31833	2300.14	0.0591618
chr17	31235468	31235573	NF1	-0.534536	3937.61	0.0541981
chr17	31235573	31235678	NF1	1.11858	12373.1	0.0369934
chr17	31235678	31235783	NF1	0.616719	8756.5	0.070095
chr17	31235783	31235888	NF1	0.581052	8558.13	0.0668098
chr17	31235888	31235993	NF1	1.36576	14719.6	0.0707851
chr17	31235993	31236098	NF1	0.967631	11195.5	0.071254
chr17	31236098	31236204	NF1	0.276877	6942.93	0.0589524
chr17	31248856	31248956	NF1	-2.08461	1355.32	0.0981306
chr17	31248956	31249057	NF1	0.52312	8206.46	0.0558496
chr17	31249057	31249157	NF1	0.387446	7475.68	0.0458263
chr17	31249157	31249258	NF1	-2.23702	1215.69	0.095746
chr17	31252799	31252887	NF1	-2.06905	1353.6	0.134952
chr17	31252887	31252975	NF1	-0.303544	4634.41	0.0715216
chr17	31252975	31253064	NF1	0.383878	7419.44	0.0545843
chr17	31258190	31258302	NF1	-1.73745	1726.6	0.0927707
chr17	31258302	31258414	NF1	0.855436	10298.3	0.0508965
chr17	31258414	31258526	NF1	0.242753	6782.02	0.0497035
chr17	31258526	31258639	NF1	-1.70433	1734.2	0.129944
chr17	31258906	31259028	NF1	-1.43009	2099.66	0.114512
chr17	31259028	31259150	NF1	0.387315	7430.89	0.0602685
chr17	31260251	31260350	NF1	-2.26844	1191.47	0.113784
chr17	31260350	31260450	NF1	0.358111	7356.78	0.0490069
chr17	31260450	31260549	NF1	0.251424	6788.77	0.0592327
chr17	31260549	31260649	NF1	-2.44771	1041.62	0.119605
chr17	31261642	31261745	NF1	0.0424709	5855.57	0.0770595
chr17	31261745	31261849	NF1	0.594793	8574.21	0.0684862
chr17	31261849	31261953	NF1	0.362225	7326.02	0.0498356
chr17	31261953	31262057	NF1	-2.29329	1173.16	0.105908
chr17	31265104	31265210	NF1	0.261492	6900.55	0.0640934
chr17	31265210	31265316	NF1	0.237638	6793.01	0.0642827
chr17	31265316	31265422	NF1	0.221851	6712.15	0.0697739
chr17	31325787	31325884	NF1	0.153452	6412.97	0.0568768
chr17	31325884	31325982	NF1	0.180432	6494.9	0.0453567
chr17	31325982	31326079	NF1	0.480811	7968.31	0.0302453
chr17	31326079	31326177	NF1	0.351672	7324.33	0.0387872
chr17	31326177	31326274	NF1	0.592793	8609.52	0.0365841
chr17	31326274	31326372	NF1	-2.35758	1123.69	0.0792089
chr17	31327377	31327474	NF1	-2.26531	1188.08	0.113474
chr17	31327474	31327571	NF1	-0.0835108	5397.25	0.0773042
chr17	31327571	31327668	NF1	0.43876	7756.25	0.0608458
chr17	31327668	31327765	NF1	-0.151691	5154.17	0.0544974
chr17	31327765	31327863	NF1	0.251551	6819.6	0.0394951
chr17	31330088	31330188	NF1	-2.27047	1182.94	0.133521
chr17	31330188	31330289	NF1	-0.454887	4157.19	0.0686975
chr17	31330289	31330390	NF1	0.34062	7223.42	0.033354
chr17	31330390	31330491	NF1	0.485472	7999.55	0.0296236
chr17	31330491	31330592	NF1	-0.578136	3818.98	0.0647665
chr17	31330592	31330693	NF1	-2.24641	1204.01	0.124989
chr17	31334732	31334837	NF1	0.224256	6760.74	0.0652376
chr17	31334837	31334943	NF1	0.425387	7677.05	0.0429586
chr17	31334943	31335048	NF1	0.786903	9851.1	0.0363242
chr17	31335048	31335154	NF1	-1.2677	2377.99	0.0586719
chr17	31336179	31336282	NF1	-2.16395	1282.74	0.105348
chr17	31336282	31336385	NF1	0.254769	6805.44	0.0373102
chr17	31336385	31336488	NF1	0.426743	7676.92	0.0493542
chr17	31336488	31336591	NF1	0.027967	5813.07	0.076185
chr17	31336591	31336694	NF1	0.0865498	6081.25	0.0748216
chr17	31336694	31336797	NF1	-0.0519815	5531.63	0.0561374
chr17	31336797	31336900	NF1	0.141564	6318.05	0.0518954
chr17	31336900	31337004	NF1	0.0960564	6116.34	0.0396462
chr17	31337219	31337318	NF1	-2.28997	1181.08	0.0963663
chr17	31337318	31337417	NF1	-0.0490217	5530.47	0.0458366
chr17	31337417	31337516	NF1	0.526383	8195.2	0.0446561
chr17	31337516	31337615	NF1	-0.102824	5305.39	0.0587416
chr17	31337615	31337714	NF1	-1.00418	2834.92	0.102406
chr17	31337714	31337813	NF1	0.38482	7442.5	0.0492942
chr17	31337813	31337912	NF1	0.570306	8426.63	0.0536
chr17	31337912	31338011	NF1	-1.10552	2633.3	0.115448
chr17	31338011	31338110	NF1	0.583264	8546.5	0.0414458
chr17	31338110	31338209	NF1	0.70539	9318.69	0.031734
chr17	31338209	31338309	NF1	-2.15544	1285.07	0.105696
chr17	31338542	31338645	NF1	-2.01856	1381.81	0.174453
chr17	31338645	31338748	NF1	0.460242	7846.52	0.074059
chr17	31338748	31338851	NF1	1.17009	12754.3	0.0698283
chr17	31338851	31338954	NF1	-1.8105	1629.45	0.12714
chr17	31340380	31340490	NF1	-0.5942	3760.11	0.0787044
chr17	31340490	31340601	NF1	1.12422	12400.1	0.0449523
chr17	31340601	31340712	NF1	0.913966	10707.9	0.0474463
chr17	31340712	31340823	NF1	-1.93731	1473.4	0.139352
chr17	31342985	31343091	NF1	0.644809	8900.88	0.0604768
chr17	31343091	31343197	NF1	0.0197658	5762.15	0.0688512
chr17	31343197	31343304	NF1	-1.86923	1541.84	0.144227
chr17	31348988	31349083	NF1	-2.49774	1010.77	0.103012
chr17	31349083	31349178	NF1	0.494069	8056.5	0.0419017
chr17	31349178	31349273	NF1	0.523668	8229.09	0.0448633
chr17	31349273	31349369	NF1	-2.21963	1236.18	0.101323
chr17	31349987	31350082	NF1	0.00598368	5722.74	0.0402158
chr17	31350082	31350178	NF1	0.597118	8643.22	0.0439625
chr17	31350178	31350274	NF1	1.18034	12956.9	0.0618707
chr17	31350274	31350370	NF1	0.921751	10835.9	0.0449603
chr17	31350370	31350466	NF1	-0.138897	5184.56	0.0462146
chr17	31352221	31352323	NF1	-0.0319221	5595.96	0.0309716
chr17	31352323	31352426	NF1	-0.780486	3328.22	0.0569462
chr17	31352426	31352529	NF1	-2.31643	1142.2	0.130648
chr17	31356275	31356378	NF1	0.482949	7945.04	0.0580181
chr17	31356378	31356481	NF1	0.75454	9627.89	0.0739618
chr17	31356481	31356584	NF1	1.19945	13151.9	0.076478
chr17	31356584	31356687	NF1	1.14658	12681.5	0.0566426
chr17	31356687	31356791	NF1	0.481327	7986.37	0.035798
chr17	31356936	31357028	NF1	0.466381	7889.77	0.0499666
chr17	31357028	31357120	NF1	0.027885	5812.7	0.0670598
chr17	31357120	31357213	NF1	0.0450654	5895.51	0.0640136
chr17	31357213	31357305	NF1	0.12992	6266.32	0.0693663
chr17	31357305	31357398	NF1	0.477488	7951.92	0.0519704
chr17	31358326	31358427	NF1	-0.266551	4710.2	0.0822789
chr17	31358427	31358528	NF1	0.956184	11118.8	0.0349472
chr17	31358528	31358629	NF1	1.42016	15299.8	0.0512835
chr17	31358629	31358731	NF1	0.0759709	6015.45	0.0633313
chr17	31358731	31358832	NF1	-1.70671	1734.7	0.160497
chr17	31358832	31358933	NF1	-1.74169	1689.64	0.172493
chr17	31358933	31359035	NF1	-0.304185	4597.09	0.0931702
chr17	31360349	31360455	NF1	-2.02856	1392.58	0.115493
chr17	31360455	31360562	NF1	0.152439	6383.4	0.0504
chr17	31360562	31360668	NF1	1.19074	13075.8	0.0435298
chr17	31360668	31360775	NF1	0.836535	10230.7	0.0461486
chr17	31360775	31360882	NF1	-2.03579	1390.01	0.120826
chr17	31362148	31362268	NF1	-1.86483	1558.58	0.122646
chr17	31362268	31362388	NF1	0.0328671	5790.41	0.134094
chr17	31367073	31367170	NF1	-2.34488	1120.97	0.105843
chr17	31367170	31367268	NF1	0.333418	7189.07	0.0422802
chr17	31367268	31367366	NF1	0.344206	7237.58	0.0421143
chr17	31367366	31367464	NF1	-2.3991	1085.63	0.110993
chr17	31373906	31373994	NF1	-0.314406	4524.48	0.126957
chr17	31373994	31374083	NF1	0.546763	8353.77	0.0399487
chr17	31374083	31374171	NF1	0.629699	8873.26	0.04054
chr17	31374171	31374260	NF1	-0.0817387	5371.53	0.0587156
chr17	42201690	42201792	STAT5B	-0.0880933	5357.68	0.0413893
chr17	42201792	42201895	STAT5B	-0.505258	4052.85	0.0489679
chr17	42201895	42201998	STAT5B	-2.32306	1141.73	0.102087
chr17	42202264	42202363	STAT5B	-0.000110157	5731.94	0.0465829
chr17	42202363	42202462	STAT5B	-0.6169	3721.76	0.049776
chr17	42202462	42202561	STAT5B	-1.97403	1441.17	0.131883
chr17	42202561	42202660	STAT5B	-1.89771	1526	0.119276
chr17	42202660	42202759	STAT5B	-0.323691	4579.14	0.0530496
chr17	42202759	42202858	STAT5B	-0.0365152	5539.49	0.0462251
chr17	42207413	42207524	STAT5B	-2.8882	769.221	0.221264
chr17	42207524	42207636	STAT5B	0.145598	6269.63	0.0648862
chr17	42207636	42207748	STAT5B	0.465448	7877.26	0.0745971
chr17	42207748	42207860	STAT5B	-1.6041	1863.05	0.117068
chr17	42210019	42210123	STAT5B	-2.12194	1300.65	0.103389
chr17	42210123	42210227	STAT5B	-0.344604	4504.66	0.0556574
chr17	42210227	42210331	STAT5B	0.0499378	5925.91	0.0325753
chr17	42210372	42210494	STAT5B	0.263833	6861.19	0.0478199
chr17	42210494	42210617	STAT5B	-1.61854	1858.66	0.0882295
chr17	42211958	42212069	STAT5B	0.0127014	5764.97	0.051476
chr17	42212069	42212180	STAT5B	0.451395	7831.05	0.0615725
chr17	42212180	42212292	STAT5B	-0.301678	4636.47	0.0488581
chr17	44209946	44210045	UBTF	-2.34657	1126.47	0.0936174
chr17	44210045	44210145	UBTF	0.086659	6075.13	0.0483399
chr17	44210145	44210244	UBTF	1.12754	12446.7	0.0481473
chr17	44210244	44210344	UBTF	0.0139629	5758.87	0.0622021
chr17	44210344	44210444	UBTF	-0.228534	4861.19	0.105767
chr17	44210444	44210543	UBTF	-1.32743	2286.39	0.104444
chr17	44210543	44210643	UBTF	-2.00355	1427.9	0.138288
chr17	44210643	44210742	UBTF	-0.761729	3377.47	0.0914906
chr17	44210742	44210842	UBTF	0.18002	6478.11	0.0676936
chr17	44210842	44210942	UBTF	0.519645	8158.15	0.0640645
chr17	44210942	44211041	UBTF	-0.00984728	5642.11	0.0956093
chr17	44211041	44211141	UBTF	0.0638917	5984.37	0.0869998
chr17	44211141	44211240	UBTF	0.0339978	5868.48	0.0638693
chr17	44211240	44211340	UBTF	0.624914	8840.06	0.039016
chr17	44211340	44211440	UBTF	-0.906668	3075.09	0.0520561
chr17	44211440	44211539	UBTF	-1.05586	2755.83	0.0543836
chr17	44211539	44211639	UBTF	0.569946	8485.89	0.0469034
chr17	44211639	44211738	UBTF	0.781525	9875.92	0.0484548
chr17	44211738	44211838	UBTF	0.26261	6861.16	0.0468745
chr17	44211838	44211938	UBTF	-2.51357	1002.2	0.0861788
chr17	60600262	60600357	PPM1D	-3.23713	602.917	0.125963
chr17	60600357	60600453	PPM1D	-0.74621	3400.49	0.074322
chr17	60600453	60600548	PPM1D	0.197506	6573.1	0.051917
chr17	60600548	60600644	PPM1D	-0.499165	4056.24	0.0889404
chr17	60600644	60600739	PPM1D	-0.428548	4234.45	0.0896726
chr17	60600739	60600835	PPM1D	0.411114	7601.17	0.0443442
chr17	60600835	60600930	PPM1D	-0.364519	4409.27	0.0628816
chr17	60600930	60601026	PPM1D	-3.02877	700.469	0.12476
chr17	60623408	60623516	PPM1D	-2.54526	974.856	0.12595
chr17	60623516	60623624	PPM1D	-0.264812	4730.24	0.0592342
chr17	60623624	60623732	PPM1D	0.494634	8030.22	0.0499241
chr17	60623732	60623841	PPM1D	-0.717784	3451.24	0.0760513
chr17	60633718	60633817	PPM1D	-2.27261	1168.25	0.147953
chr17	60633817	60633916	PPM1D	-0.319356	4564.94	0.0615545
chr17	60633916	60634015	PPM1D	-0.13741	5134.49	0.0582596
chr17	60647868	60647988	PPM1D	-0.207137	4914.39	0.0885585
chr17	60647988	60648109	PPM1D	0.202489	6550.77	0.0667275
chr17	60656567	60656668	PPM1D	-0.0486071	5518.61	0.0508095
chr17	60656668	60656770	PPM1D	0.332775	7198.93	0.0456662
chr17	60656770	60656872	PPM1D	0.0169965	5763.87	0.0522401
chr17	60656872	60656974	PPM1D	-0.17845	5028.55	0.0714135
chr17	60662883	60662989	PPM1D	-2.17825	1272.51	0.0832401
chr17	60662989	60663095	PPM1D	0.0955002	6126.12	0.046851
chr17	60663095	60663202	PPM1D	0.203418	6576.53	0.0444609
chr17	60663202	60663308	PPM1D	-0.211958	4947.77	0.0572814
chr17	60663308	60663415	PPM1D	0.174552	6458.63	0.0600814
chr17	60663415	60663521	PPM1D	0.462637	7877.36	0.0512669
chr17	60663521	60663628	PPM1D	-0.345778	4447.14	0.0660278
chr17	76736738	76736831	SRSF2	-0.795266	3258.69	0.0784299
chr17	76736831	76736925	SRSF2	-0.540176	3893.41	0.0912631
chr17	76736925	76737019	SRSF2	0.239512	6745.78	0.0648694
chr17	76737019	76737112	SRSF2	0.416026	7598.38	0.0434611
chr17	76737112	76737206	SRSF2	-0.0769125	5401.05	0.0509591
chr17	76737206	76737300	SRSF2	-2.7085	859.076	0.103652
chr18	44951648	44951742	SETBP1	-2.58571	966.01	0.104419
chr18	44951742	44951836	SETBP1	-0.788517	3335.55	0.0662554
chr18	44951836	44951930	SETBP1	0.594447	8635.85	0.0361714
chr18	44951930	44952024	SETBP1	0.798652	9980.6	0.0456122
chr18	44952024	44952118	SETBP1	0.449927	7834.48	0.0615163
chr18	44952118	44952212	SETBP1	0.171989	6457.2	0.046651
chr18	63128481	63128590	BCL2	-2.35861	1124.72	0.0781977
chr18	63128590	63128699	BCL2	-0.0403549	5531.54	0.0366791
chr18	63128699	63128808	BCL2	0.124993	6246.3	0.0364731
chr18	63128808	63128918	BCL2	-1.91489	1526.93	0.0790466
chr18	63317952	63318049	BCL2	-2.5797	959.189	0.0671495
chr18	63318049	63318147	BCL2	-0.04367	5550.6	0.0441882
chr18	63318147	63318245	BCL2	0.427578	7696.84	0.0485183
chr18	63318245	63318343	BCL2	-0.371544	4419.29	0.0541504
chr18	63318343	63318440	BCL2	-0.355479	4473.01	0.0828193
chr18	63318440	63318538	BCL2	-0.051425	5490.83	0.0686901
chr18	63318538	63318636	BCL2	0.4465	7774.13	0.0346691
chr18	63318636	63318734	BCL2	-0.507578	4032.14	0.0562967
chr18	63318734	63318832	BCL2	-2.56555	976.369	0.0927918
chr19	12943596	12943698	CALR	0.147245	6338.11	0.0641105
chr19	12943698	12943800	CALR	0.593038	8473.6	0.0974953
chr19	12943800	12943902	CALR	0.460119	7775.22	0.105164
chr19	12943902	12944004	CALR	0.668737	8989.17	0.0771468
chr19	12944004	12944106	CALR	-1.21311	2468.7	0.053357
chr19	33301221	33301321	CEBPA	-2.4483	1049.83	0.0924746
chr19	33301321	33301422	CEBPA	-0.687661	3558.21	0.0891219
chr19	33301422	33301523	CEBPA	0.407354	7593.29	0.0812213
chr19	33301523	33301624	CEBPA	0.309895	6934.44	0.12534
chr19	33301624	33301725	CEBPA	-1.07751	2697.43	0.437771
chr19	33301725	33301826	CEBPA	-1.14768	2542.97	0.286462
chr19	33301826	33301927	CEBPA	-0.556602	3858.06	0.146453
chr19	33301927	33302027	CEBPA	-0.771864	3250.59	0.177962
chr19	33302027	33302128	CEBPA	-1.08568	2632.4	0.243096
chr19	33302128	33302229	CEBPA	0.21251	6620.81	0.0884361
chr19	33302229	33302330	CEBPA	0.0535904	5991.14	0.0649017
chr19	33302330	33302431	CEBPA	-0.0169706	5644.97	0.0380737
chr19	33302431	33302532	CEBPA	-0.73126	3438.01	0.0808394
chr19	33302532	33302633	CEBPA	-2.88466	778.667	0.125169
chr20	32434410	32434510	ASXL1	-0.191484	4982.86	0.0555231
chr20	32434510	32434610	ASXL1	-0.266573	4678.7	0.0841599
chr20	32434610	32434710	ASXL1	-0.427847	4224.78	0.0819886
chr20	32434710	32434810	ASXL1	0.0852813	6059.07	0.0783264
chr20	32434810	32434910	ASXL1	-0.32539	4556.64	0.0940965
chr20	32434910	32435011	ASXL1	0.499821	8081.95	0.0936408
chr20	32435011	32435111	ASXL1	0.864122	10361	0.0977532
chr20	32435111	32435211	ASXL1	1.06344	11851.9	0.102455
chr20	32435211	32435311	ASXL1	0.679166	9104.28	0.0831995
chr20	32435311	32435411	ASXL1	-0.159533	5103.63	0.075092
chr20	32435411	32435512	ASXL1	-0.266681	4723.22	0.0611594
chr20	32435512	32435612	ASXL1	-0.335244	4525.58	0.0443665
chr20	32435612	32435712	ASXL1	0.412982	7631	0.030421
chr20	32435712	32435812	ASXL1	0.0962764	6128.77	0.0361365
chr20	32435812	32435912	ASXL1	0.46383	7892.95	0.0461108
chr20	32435912	32436013	ASXL1	-0.354608	4490.75	0.0486615
chr20	32436013	32436113	ASXL1	0.225071	6672.33	0.0397412
chr20	32436113	32436213	ASXL1	-0.0617925	5449.83	0.0543188
chr20	32436213	32436313	ASXL1	-0.422702	4263.28	0.0599508
chr20	32436313	32436413	ASXL1	0.390767	7447.24	0.0506452
chr20	32436413	32436514	ASXL1	-0.284126	4675.69	0.0548579
chr20	32436514	32436614	ASXL1	0.423931	7675.28	0.0660559
chr20	32436614	32436714	ASXL1	-0.123111	5246.42	0.0837071
chr20	32436714	32436814	ASXL1	0.00436715	5698.08	0.09731
chr20	32436814	32436914	ASXL1	0.824037	10067.1	0.0852772
chr20	32436914	32437015	ASXL1	0.551555	8324.21	0.0893117
chr20	32437015	32437115	ASXL1	0.68635	9121.12	0.0868245
chr20	32437115	32437215	ASXL1	0.747574	9590.34	0.0820678
chr20	32437215	32437315	ASXL1	1.07353	11970.3	0.0874074
chr20	32437315	32437415	ASXL1	0.898518	10641.2	0.0639146
chr20	32437415	32437516	ASXL1	-0.130551	5230.23	0.0510874
chr21	34791993	34792097	RUNX1	-2.92701	750.502	0.15961
chr21	34792097	34792202	RUNX1	-1.2167	2453.81	0.133067
chr21	34792202	34792307	RUNX1	-1.36429	2214.47	0.126222
chr21	34792307	34792412	RUNX1	-1.04108	2768.54	0.122465
chr21	34792412	34792516	RUNX1	-0.268561	4705.34	0.100736
chr21	34792516	34792621	RUNX1	0.275567	6971.61	0.0552372
chr21	34792621	34792726	RUNX1	0.831082	10195.6	0.0495673
chr21	34792726	34792831	RUNX1	-2.06811	1379.74	0.0817274
chr21	34799196	34799291	RUNX1	-0.0949813	5311.65	0.0529958
chr21	34799291	34799386	RUNX1	-0.00822735	5667.28	0.0384289
chr21	34799386	34799481	RUNX1	0.0865633	6048.59	0.0416335
chr21	34799481	34799576	RUNX1	0.0806475	6038.9	0.0431887
chr21	34821508	34821613	RUNX1	-2.58878	952.21	0.0880343
chr21	34821613	34821719	RUNX1	-0.722675	3422.3	0.0556896
chr21	34834217	34834325	RUNX1	-0.946704	2946.43	0.20938
chr21	34834325	34834434	RUNX1	-0.944581	2940.25	0.147239
chr21	34834434	34834542	RUNX1	-0.60269	3709.15	0.15852
chr21	34834542	34834651	RUNX1	-1.05463	2731.73	0.13144
chr21	34859335	34859426	RUNX1	-2.39112	1083.1	0.0971393
chr21	34859426	34859518	RUNX1	0.452136	7791.68	0.0470177
chr21	34859518	34859610	RUNX1	0.841363	10223.1	0.04331
chr21	34859610	34859702	RUNX1	-1.9039	1527.02	0.0627507
chr21	34880425	34880524	RUNX1	-2.4485	1039.17	0.118253
chr21	34880524	34880623	RUNX1	0.11988	6230.82	0.0302907
chr21	34880623	34880722	RUNX1	0.900063	10717.8	0.0399584
chr21	34880722	34880821	RUNX1	-0.478803	4107.36	0.0529206
chr21	34886652	34886743	RUNX1	-2.85863	790.907	0.105557
chr21	34886743	34886835	RUNX1	-0.83462	3200.79	0.0596839
chr21	34886835	34886927	RUNX1	0.233439	6737.81	0.0484228
chr21	34886927	34887019	RUNX1	-0.361599	4362.28	0.0617136
chr21	34887019	34887111	RUNX1	-0.208513	4941.59	0.0709313
chr21	34887111	34887203	RUNX1	-0.417312	4273.71	0.0498035
chr21	34889507	34889611	RUNX1	-3.17103	621.941	0.177049
chr21	34889611	34889715	RUNX1	-1.35955	2215.72	0.091832
chr21	34889715	34889820	RUNX1	-0.407271	4306.58	0.040078
chr21	34892783	34892887	RUNX1	-2.3716	1091.99	0.141403
chr21	34892887	34892992	RUNX1	-0.527134	3915.58	0.0987104
chr21	35048801	35048920	RUNX1	-0.0120508	5587.94	0.0880197
chr21	35048920	35049039	RUNX1	-2.06726	1340.65	0.160376
chr21	43094566	43094690	U2AF1	0.105313	6152.93	0.0540171
chr21	43094690	43094815	U2AF1	0.408464	7571.66	0.0354951
chr21	43104199	43104288	U2AF1	-2.53417	979.443	0.115833
chr21	43104288	43104377	U2AF1	0.452459	7785.91	0.063082
chr21	43104377	43104466	U2AF1	0.484263	8010.48	0.0531253
chr21	43104466	43104556	U2AF1	-2.35151	1127.41	0.106851
chrX	15790446	15790560	ZRSR2	-0.522068	2736.15	0.0502155
chrX	15790560	15790674	ZRSR2	-2.12385	904.31	0.0967542
chrX	15790804	15790918	ZRSR2	-1.49224	1396.95	0.0883855
chrX	15790918	15791032	ZRSR2	0.544724	5728.04	0.0555978
chrX	15791032	15791147	ZRSR2	-1.50004	1389.63	0.0706147
chrX	15799731	15799820	ZRSR2	-2.07989	949.238	0.114732
chrX	15799820	15799910	ZRSR2	0.672721	6261.85	0.0584116
chrX	15799910	15799999	ZRSR2	0.666088	6245.91	0.0594525
chrX	15799999	15800089	ZRSR2	-2.41858	735.976	0.129965
chrX	15803571	15803693	ZRSR2	0.063116	4100.94	0.0692055
chrX	15803693	15803816	ZRSR2	0.486181	5492.74	0.0463479
chrX	15804008	15804105	ZRSR2	-0.933525	2041.45	0.105061
chrX	15804105	15804203	ZRSR2	0.491843	5510.26	0.0732319
chrX	15804203	15804301	ZRSR2	-0.671467	2468.45	0.0905695
chrX	15808071	15808181	ZRSR2	-1.13047	1791.88	0.115218
chrX	15808181	15808291	ZRSR2	0.876559	7200.23	0.0684339
chrX	15808291	15808402	ZRSR2	-0.0535441	3780.34	0.078586
chrX	15809120	15809221	ZRSR2	-0.0470184	3789.83	0.0687951
chrX	15809221	15809322	ZRSR2	0.789121	6773.39	0.0620453
chrX	15809322	15809423	ZRSR2	-0.757481	2315.34	0.0831625
chrX	15815453	15815549	ZRSR2	-2.49818	694.938	0.107434
chrX	15815549	15815645	ZRSR2	-0.223347	3362.57	0.0558208
chrX	15815645	15815741	ZRSR2	0.438843	5297.47	0.0463214
chrX	15815741	15815837	ZRSR2	0.0182695	3975.9	0.0511018
chrX	15815837	15815933	ZRSR2	0.150494	4344.56	0.0560257
chrX	15818449	15818556	ZRSR2	-1.96764	1012.65	0.096914
chrX	15818556	15818663	ZRSR2	-0.138709	3569.39	0.0636609
chrX	15820088	15820201	ZRSR2	-1.13209	1797.16	0.0742762
chrX	15820201	15820314	ZRSR2	1.03099	8051.95	0.0448216
chrX	15820314	15820428	ZRSR2	-0.275596	3224.42	0.0587529
chrX	15822665	15822767	ZRSR2	0.64821	6138.95	0.0638378
chrX	15822767	15822870	ZRSR2	0.168575	4427.13	0.0758564
chrX	15822870	15822972	ZRSR2	-0.144932	3583.74	0.0884193
chrX	15822972	15823075	ZRSR2	-0.15285	3540.61	0.0877049
chrX	15823075	15823177	ZRSR2	-0.296048	3206.31	0.0783471
chrX	15823177	15823280	ZRSR2	0.323715	4919.54	0.0668282
chrX	40051974	40052077	BCOR	-1.696	1214.04	0.0802547
chrX	40052077	40052180	BCOR	0.520519	5643.03	0.0420672
chrX	40052180	40052283	BCOR	0.19469	4516.45	0.0497994
chrX	40052283	40052386	BCOR	0.512549	5613.46	0.0489098
chrX	40052386	40052489	BCOR	0.344864	4998.21	0.0504199
chrX	40052489	40052593	BCOR	-2.67397	617.381	0.110012
chrX	40053763	40053861	BCOR	-0.0219113	3869.21	0.0525599
chrX	40053861	40053960	BCOR	0.214014	4547.55	0.0454151
chrX	40053960	40054059	BCOR	0.714422	6429.97	0.0467849
chrX	40054059	40054158	BCOR	-0.649702	2496.3	0.0623535
chrX	40054158	40054257	BCOR	-0.542377	2693.65	0.067322
chrX	40054257	40054356	BCOR	0.543021	5728.38	0.0637526
chrX	40054356	40054455	BCOR	-1.06149	1870.27	0.0647444
chrX	40055253	40055363	BCOR	-0.0292815	3836.08	0.0576688
chrX	40055363	40055473	BCOR	1.01127	7913.54	0.0422484
chrX	40055473	40055583	BCOR	0.704339	6429.66	0.0514069
chrX	40055583	40055694	BCOR	-2.04661	949.858	0.102042
chrX	40057035	40057136	BCOR	-2.26923	814.244	0.130226
chrX	40057136	40057238	BCOR	0.214938	4536.36	0.0612373
chrX	40057238	40057339	BCOR	0.873067	7172	0.0582853
chrX	40057339	40057441	BCOR	-1.31244	1579.12	0.079663
chrX	40062022	40062121	BCOR	-2.64294	633.407	0.114766
chrX	40062121	40062220	BCOR	-0.842931	2195.73	0.0882305
chrX	40062220	40062319	BCOR	-0.3738	3035.88	0.0786279
chrX	40062319	40062419	BCOR	-0.169042	3496.5	0.0612125
chrX	40062527	40062632	BCOR	-2.60078	652.79	0.0979912
chrX	40062632	40062737	BCOR	-0.656201	2510.69	0.0887714
chrX	40062737	40062842	BCOR	0.109855	4236.57	0.0521375
chrX	40062842	40062948	BCOR	0.546289	5729.29	0.100657
chrX	40062948	40063053	BCOR	0.337912	5013.32	0.346743
chrX	40063053	40063158	BCOR	0.0220312	4491.98	0.788092
chrX	40063158	40063264	BCOR	0.121245	4293.92	0.295284
chrX	40063559	40063666	BCOR	-0.00542418	3904.98	0.0587213
chrX	40063666	40063773	BCOR	-0.0896573	3688.85	0.0537471
chrX	40063773	40063880	BCOR	0.224927	4592.94	0.0457551
chrX	40063880	40063987	BCOR	-0.12465	3590.06	0.0546469
chrX	40063987	40064094	BCOR	-3.95696	253.464	0.152036
chrX	40064197	40064300	BCOR	-2.69693	607.721	0.125345
chrX	40064300	40064403	BCOR	-1.09224	1849.01	0.0736093
chrX	40064403	40064506	BCOR	-0.482161	2828.55	0.0493459
chrX	40064506	40064609	BCOR	0.400296	5181.11	0.0479467
chrX	40064609	40064712	BCOR	0.0715266	4116.63	0.0448805
chrX	40064712	40064815	BCOR	-2.32993	781.271	0.0892908
chrX	40070858	40070958	BCOR	0.290537	4796.09	0.0682806
chrX	40070958	40071058	BCOR	0.712876	6434.17	0.0627291
chrX	40071058	40071159	BCOR	0.453856	5381.65	0.0529955
chrX	40071159	40071259	BCOR	-0.610389	2571.21	0.0861711
chrX	40071259	40071360	BCOR	-2.2974	792.852	0.1854
chrX	40071488	40071594	BCOR	-0.121331	3609.65	0.0732952
chrX	40071594	40071700	BCOR	1.13897	8670.95	0.0661115
chrX	40071700	40071807	BCOR	-0.560451	2664.04	0.0829362
chrX	40072229	40072328	BCOR	-0.154099	3509.66	0.0502667
chrX	40072328	40072427	BCOR	0.0478422	4079.66	0.0436801
chrX	40072427	40072526	BCOR	0.492814	5537.48	0.0419286
chrX	40072526	40072626	BCOR	-0.25456	3315.1	0.0596246
chrX	40072626	40072725	BCOR	-0.0216876	3876.72	0.0517813
chrX	40072725	40072824	BCOR	0.38729	5135.48	0.0504047
chrX	40072824	40072923	BCOR	-0.152284	3537.19	0.0482166
chrX	40072923	40073023	BCOR	0.292219	4798.8	0.0557612
chrX	40073023	40073122	BCOR	-0.206874	3404.65	0.0673679
chrX	40073122	40073221	BCOR	0.389083	5126.18	0.0561216
chrX	40073221	40073320	BCOR	-0.104535	3647.05	0.0507841
chrX	40073320	40073420	BCOR	0.250289	4662.03	0.068293
chrX	40073420	40073519	BCOR	0.388072	5147.3	0.0628557
chrX	40073519	40073618	BCOR	-0.124477	3606.56	0.0684167
chrX	40073618	40073718	BCOR	-0.0811214	3707.93	0.0636102
chrX	40073718	40073817	BCOR	0.452235	5385.54	0.0405299
chrX	40073817	40073916	BCOR	0.118635	4260.8	0.0459896
chrX	40073916	40074015	BCOR	0.470416	5442.41	0.0524307
chrX	40074015	40074115	BCOR	0.0509263	4082.75	0.0567731
chrX	40074115	40074214	BCOR	0.0321275	4042.54	0.0643667
chrX	40074214	40074313	BCOR	0.27845	4760	0.0605482
chrX	40074313	40074412	BCOR	-0.132753	3588.32	0.055068
chrX	40074412	40074512	BCOR	0.494258	5545.05	0.0482914
chrX	40074512	40074611	BCOR	-0.384344	3017.51	0.0580333
chrX	40074611	40074710	BCOR	-0.237312	3332.46	0.0595959
chrX	40074710	40074809	BCOR	0.413008	5242.27	0.06096
chrX	40074809	40074909	BCOR	0.112861	4277.04	0.0496488
chrX	40074909	40075008	BCOR	0.130489	4309.47	0.0610616
chrX	40075008	40075107	BCOR	0.0163143	3981.18	0.0453115
chrX	40075107	40075207	BCOR	-0.0773093	3729.19	0.0371486
chrX	40076325	40076434	BCOR	-1.47414	1409.08	0.0650254
chrX	40076434	40076543	BCOR	0.600122	5932.36	0.0532094
chrX	40076543	40076652	BCOR	-1.17137	1742.3	0.0632537
chrX	40077727	40077838	BCOR	-0.0352615	3816.93	0.0488134
chrX	40077838	40077949	BCOR	-0.399855	2948.22	0.0732699
chrX	47198749	47198866	UBA1	-0.0980218	3657.87	0.0493764
chrX	47198866	47198984	UBA1	-0.289093	3183.88	0.0404906
chrX	47199025	47199126	UBA1	-0.294252	3209.96	0.0395467
chrX	47199126	47199228	UBA1	-0.713679	2403.32	0.0601906
chrX	47199228	47199329	UBA1	-0.299072	3191.56	0.0835723
chrX	47199329	47199431	UBA1	-0.14406	3552.72	0.0865329
chrX	47199431	47199532	UBA1	0.536661	5687.19	0.0545627
chrX	47199532	47199634	UBA1	0.523828	5640.27	0.0392012
chrX	47199634	47199736	UBA1	-2.4634	708.641	0.106093
chrX	47200720	47200820	UBA1	-2.43631	727.195	0.111795
chrX	47200820	47200920	UBA1	0.194908	4487.08	0.0630466
chrX	47200920	47201020	UBA1	0.0757231	4130.27	0.057334
chrX	47201020	47201121	UBA1	-2.23047	836.122	0.119436
chrX	47201130	47201231	UBA1	-2.2427	830.812	0.11449
chrX	47201231	47201333	UBA1	0.104739	4222.63	0.0462553
chrX	47201333	47201435	UBA1	0.170806	4421.39	0.0403362
chrX	47201435	47201537	UBA1	-0.321284	3148.15	0.0549986
chrX	47201537	47201639	UBA1	0.202023	4507.8	0.0568938
chrX	47202023	47202125	UBA1	-2.51659	692.291	0.104716
chrX	47202125	47202227	UBA1	-0.614005	2569.79	0.080185
chrX	47202227	47202329	UBA1	0.0792723	4149.16	0.059366
chrX	47202329	47202432	UBA1	0.755884	6626.63	0.0461449
chrX	47202432	47202534	UBA1	-0.405236	2978.06	0.0448109
chrX	47202534	47202636	UBA1	-1.10396	1832.73	0.0500948
chrX	47202636	47202739	UBA1	-0.46565	2844.59	0.0659816
chrX	47202739	47202841	UBA1	-1.45388	1431.55	0.116595
chrX	47202841	47202943	UBA1	-1.23063	1657.03	0.107723
chrX	47202943	47203046	UBA1	-0.441857	2855.47	0.0959478
chrX	47203046	47203148	UBA1	0.20404	4509.39	0.0457819
chrX	47203148	47203250	UBA1	0.47578	5455.42	0.0376694
chrX	47203250	47203353	UBA1	-2.12719	901.428	0.0856473
chrX	47203420	47203529	UBA1	-1.90694	1046.51	0.105527
chrX	47203529	47203639	UBA1	0.197104	4492.57	0.0500313
chrX	47203639	47203749	UBA1	0.446092	5324.65	0.0448853
chrX	47203749	47203859	UBA1	-2.2935	802.653	0.106161
chrX	47205908	47206004	UBA1	0.112235	4250.88	0.0473499
chrX	47206004	47206101	UBA1	0.460839	5430.12	0.0457318
chrX	47206101	47206197	UBA1	0.14019	4341.84	0.0394461
chrX	47206197	47206294	UBA1	-0.0358309	3850.24	0.0370615
chrX	47206294	47206390	UBA1	0.590889	5932.38	0.0382458
chrX	47206390	47206487	UBA1	0.00138754	3934.06	0.0410963
chrX	47206487	47206584	UBA1	-2.50355	694.681	0.098177
chrX	47209587	47209709	UBA1	0.044927	4060.65	0.0573945
chrX	47209709	47209832	UBA1	-1.70513	1204.33	0.131022
chrX	47209848	47209945	UBA1	-0.447343	2875.35	0.0466025
chrX	47209945	47210043	UBA1	0.153299	4384.79	0.0369176
chrX	47210043	47210140	UBA1	0.0611867	4087.35	0.0547368
chrX	47210140	47210238	UBA1	-0.143444	3540.71	0.0651997
chrX	47210790	47210889	UBA1	0.0763545	4141.58	0.0555192
chrX	47210889	47210988	UBA1	-0.198262	3433.92	0.0559248
chrX	47210988	47211087	UBA1	-0.299233	3216.89	0.0469652
chrX	47211087	47211186	UBA1	0.316733	4896.68	0.0506675
chrX	47211186	47211285	UBA1	-0.48527	2820.28	0.0599882
chrX	47211285	47211384	UBA1	-2.77069	577.306	0.101052
chrX	47212393	47212481	UBA1	0.106732	4211.81	0.0562117
chrX	47212481	47212569	UBA1	-0.596969	2586.99	0.0551125
chrX	47212569	47212658	UBA1	-2.44132	719.473	0.126915
chrX	47212734	47212835	UBA1	0.0946975	4224.41	0.0542208
chrX	47212835	47212937	UBA1	-0.690616	2441.07	0.0623038
chrX	47212937	47213039	UBA1	-0.281382	3233.6	0.0505768
chrX	47213039	47213141	UBA1	0.342406	4990.43	0.0331957
chrX	47213141	47213243	UBA1	0.412262	5242.54	0.0316343
chrX	47213243	47213345	UBA1	-2.55807	668.675	0.116548
chrX	47214187	47214283	UBA1	-2.6495	623.113	0.0836079
chrX	47214283	47214380	UBA1	0.36743	5070.93	0.036305
chrX	47214380	47214476	UBA1	0.108194	4235.11	0.0247404
chrX	47214476	47214573	UBA1	0.157605	4384.06	0.040266
chrX	47214573	47214669	UBA1	0.432018	5279.32	0.0378814
chrX	47214669	47214766	UBA1	-0.794452	2263.42	0.0543238
chrX	47214766	47214862	UBA1	0.385318	5126.14	0.0435321
chrX	47214862	47214959	UBA1	-0.201255	3423.77	0.0441374
chrX	47214959	47215056	UBA1	-2.78492	572.56	0.0851527
chrX	48790990	48791095	GATA1	-0.611124	2551.39	0.064453
chrX	48791095	48791199	GATA1	-0.122327	3592.01	0.0539234
chrX	48791199	48791303	GATA1	-0.0348853	3827.63	0.0472124
chrX	48791303	48791407	GATA1	-0.0222659	3861.91	0.0359725
chrX	48791808	48791909	GATA1	0.0555897	4072.53	0.0554943
chrX	48791909	48792010	GATA1	-0.213397	3397.49	0.0716765
chrX	48792010	48792112	GATA1	-0.032462	3844.49	0.0673809
chrX	48792112	48792213	GATA1	0.514024	5601.09	0.063702
chrX	48792213	48792315	GATA1	-0.557557	2685.19	0.0674489
chrX	48792315	48792416	GATA1	-0.347284	3082.28	0.089212
chrX	48792416	48792518	GATA1	-0.0970765	3646.67	0.0564463
chrX	48792950	48793040	GATA1	-2.80189	561.862	0.118969
chrX	48793040	48793130	GATA1	-1.04637	1893.73	0.0919663
chrX	48793130	48793221	GATA1	0.28121	4742.38	0.06899
chrX	48793221	48793311	GATA1	0.623753	6044.38	0.0543634
chrX	48793311	48793402	GATA1	-0.207282	3381.2	0.0599586
chrX	48793713	48793809	GATA1	-0.211255	3392.77	0.0545236
chrX	48793809	48793905	GATA1	0.439507	5334.66	0.0395269
chrX	48793905	48794002	GATA1	0.57182	5856.24	0.0517781
chrX	48794002	48794098	GATA1	-0.554554	2686.52	0.0695261
chrX	48794098	48794194	GATA1	-0.480754	2823.14	0.0510824
chrX	48794194	48794291	GATA1	-0.0785255	3729.87	0.055515
chrX	124022516	124022606	STAG2	-0.123119	3591.78	0.0934609
chrX	124022606	124022696	STAG2	0.674613	6274.45	0.0860305
chrX	124022696	124022787	STAG2	-0.207693	3385.95	0.0952612
chrX	124025621	124025728	STAG2	-1.8512	1094.49	0.128168
chrX	124025728	124025836	STAG2	-0.0764829	3731.38	0.0711314
chrX	124025836	124025944	STAG2	0.149711	4370.82	0.0729749
chrX	124030866	124030976	STAG2	0.19707	4495.22	0.0904418
chrX	124030976	124031087	STAG2	0.235372	4623.12	0.0822944
chrX	124031087	124031197	STAG2	0.393537	5126.34	0.0811175
chrX	124031197	124031308	STAG2	-2.0509	943.907	0.121251
chrX	124037405	124037494	STAG2	-2.34536	772.802	0.12742
chrX	124037494	124037584	STAG2	0.622395	6044.71	0.0479954
chrX	124037584	124037673	STAG2	0.63281	6099.04	0.0416803
chrX	124037673	124037763	STAG2	-2.24561	830.302	0.102544
chrX	124042446	124042562	STAG2	-1.63661	1253.12	0.120157
chrX	124042562	124042678	STAG2	0.597651	5905.47	0.0798849
chrX	124042678	124042795	STAG2	-1.44877	1444	0.0997259
chrX	124045119	124045224	STAG2	-0.139713	3537.94	0.110921
chrX	124045224	124045329	STAG2	0.55066	5715.87	0.0721516
chrX	124045329	124045434	STAG2	1.03189	7989.82	0.0648631
chrX	124045434	124045540	STAG2	-0.0153301	3860.07	0.0765951
chrX	124047246	124047337	STAG2	0.108681	4225.76	0.0827071
chrX	124047337	124047429	STAG2	0.77732	6750.25	0.0554028
chrX	124047429	124047521	STAG2	1.08885	8361.8	0.0494712
chrX	124047521	124047613	STAG2	-0.183292	3451.8	0.0533725
chrX	124048889	124048993	STAG2	-2.67225	608.325	0.156739
chrX	124048993	124049098	STAG2	-0.692157	2394.42	0.098083
chrX	124049975	124050072	STAG2	-2.39842	744.069	0.162003
chrX	124050072	124050169	STAG2	-0.275596	3251.58	0.0899555
chrX	124050169	124050267	STAG2	1.23803	9201.93	0.0697681
chrX	124050267	124050364	STAG2	1.28824	9521.91	0.0518547
chrX	124050364	124050461	STAG2	0.207067	4503.94	0.0582804
chrX	124050461	124050559	STAG2	-2.28251	813.89	0.127093
chrX	124050946	124051047	STAG2	-1.85491	1083.56	0.157284
chrX	124051047	124051148	STAG2	0.624679	6090.45	0.0688917
chrX	124051148	124051250	STAG2	0.855458	7119.36	0.0664664
chrX	124051250	124051351	STAG2	0.883206	7226.14	0.0764911
chrX	124051351	124051453	STAG2	0.223361	4565.68	0.102597
chrX	124055909	124056019	STAG2	-2.02534	962.985	0.122706
chrX	124056019	124056130	STAG2	0.36009	5031.47	0.0818002
chrX	124056130	124056240	STAG2	0.500024	5532.66	0.0708275
chrX	124056240	124056351	STAG2	-1.72831	1179.49	0.13902
chrX	124057678	124057786	STAG2	-0.584954	2590.25	0.100799
chrX	124057786	124057894	STAG2	0.903742	7322.5	0.0787624
chrX	124057894	124058002	STAG2	0.312432	4873.53	0.106146
chrX	124061105	124061199	STAG2	-0.0423437	3797.11	0.0667897
chrX	124061199	124061293	STAG2	0.373244	5097.97	0.0581983
chrX	124061293	124061387	STAG2	-0.18417	3440.96	0.0775988
chrX	124061387	124061481	STAG2	-1.98539	983.482	0.162282
chrX	124061665	124061753	STAG2	0.133616	4303.71	0.082411
chrX	124061753	124061842	STAG2	0.786513	6801.07	0.0697353
chrX	124061842	124061931	STAG2	0.511703	5599.72	0.0760154
chrX	124061931	124062020	STAG2	-1.94958	1010.58	0.160159
chrX	124062708	124062801	STAG2	-2.11771	911.755	0.136081
chrX	124062801	124062894	STAG2	0.202392	4528.64	0.0711427
chrX	124062894	124062988	STAG2	0.764524	6688.16	0.0586496
chrX	124062988	124063081	STAG2	0.954917	7622.89	0.0579407
chrX	124063081	124063175	STAG2	1.11769	8494.22	0.059366
chrX	124063175	124063268	STAG2	-0.0859397	3677.44	0.0878422
chrX	124063268	124063362	STAG2	-2.15006	880.644	0.170872
chrX	124063742	124063847	STAG2	0.118275	4286.12	0.0867726
chrX	124063847	124063952	STAG2	0.512709	5604.26	0.0566931
chrX	124063952	124064057	STAG2	0.91646	7410.48	0.0485199
chrX	124064057	124064162	STAG2	-0.221003	3367.91	0.0791707
chrX	124065751	124065855	STAG2	-2.54064	670.755	0.143602
chrX	124065855	124065959	STAG2	0.384212	5133.43	0.0817998
chrX	124065959	124066063	STAG2	-0.15945	3503.41	0.0900132
chrX	124066063	124066167	STAG2	-0.125348	3609.43	0.0817945
chrX	124066167	124066271	STAG2	0.705591	6406.59	0.0842206
chrX	124066271	124066375	STAG2	0.932108	7505.26	0.0630025
chrX	124066375	124066479	STAG2	0.893957	7275.71	0.0503013
chrX	124066479	124066584	STAG2	-2.11198	912.047	0.119186
chrX	124068385	124068492	STAG2	-1.88119	1058.7	0.135566
chrX	124068492	124068600	STAG2	0.334675	4924.82	0.0746162
chrX	124068600	124068707	STAG2	0.704354	6356.74	0.0744894
chrX	124068707	124068815	STAG2	-2.03734	959.172	0.132915
chrX	124071128	124071225	STAG2	0.542658	5742.58	0.0483713
chrX	124071225	124071322	STAG2	0.730653	6562.29	0.0571767
chrX	124071322	124071420	STAG2	-0.21932	3373.08	0.0806178
chrX	124076214	124076307	STAG2	-1.25315	1644.56	0.125793
chrX	124076307	124076401	STAG2	0.950098	7599.24	0.0621467
chrX	124076401	124076495	STAG2	0.925444	7470.79	0.0539827
chrX	124076495	124076589	STAG2	-1.35844	1533.87	0.104902
chrX	124077813	124077903	STAG2	-2.09127	921.246	0.146671
chrX	124077903	124077994	STAG2	-0.188004	3427.76	0.0819038
chrX	124077994	124078085	STAG2	0.513758	5618.11	0.0697488
chrX	124081214	124081321	STAG2	-1.77977	1149.59	0.12026
chrX	124081321	124081429	STAG2	0.375684	5117.48	0.0791074
chrX	124081429	124081537	STAG2	0.695785	6332.04	0.0851061
chrX	124081537	124081645	STAG2	-2.20514	839.693	0.16857
chrX	124083291	124083397	STAG2	0.47239	5432	0.0675443
chrX	124083397	124083503	STAG2	0.982171	7772.56	0.0597415
chrX	124083503	124083609	STAG2	0.412149	5253.43	0.0791671
chrX	124083609	124083715	STAG2	-1.95758	1009.4	0.163911
chrX	124086441	124086545	STAG2	0.00656057	3937.38	0.067598
chrX	124086545	124086649	STAG2	-0.0387886	3815.78	0.0657822
chrX	124086649	124086753	STAG2	0.303849	4842.12	0.0634042
chrX	124086753	124086857	STAG2	-0.209744	3376.94	0.0900193
chrX	124090507	124090601	STAG2	0.253795	4667.46	0.0602029
chrX	124090601	124090696	STAG2	0.429709	5297.3	0.0801155
chrX	124090696	124090791	STAG2	0.179315	4430.89	0.0930643
chrX	124090791	124090885	STAG2	-0.0247409	3865.05	0.0847901
chrX	124090885	124090980	STAG2	0.806627	6854.04	0.0664348
chrX	124090980	124091075	STAG2	-0.116999	3617.4	0.0793106
chrX	124091075	124091170	STAG2	-2.65583	622.774	0.153792
chrX	124093912	124094003	STAG2	0.122931	4274.88	0.0743891
chrX	124094003	124094094	STAG2	0.753557	6641.25	0.0518519
chrX	124094094	124094185	STAG2	0.532579	5686.04	0.0525971
chrX	124094185	124094277	STAG2	-2.10748	917.549	0.105989
chrX	124095288	124095380	STAG2	0.288487	4783.14	0.0595066
chrX	124095380	124095472	STAG2	0.0105725	3961.59	0.0474462
chrX	124095472	124095564	STAG2	-0.844307	2191.29	0.0819485
chrX	124095564	124095656	STAG2	-2.51881	682.565	0.165029
chrX	124100412	124100516	STAG2	-2.19418	857.265	0.134109
chrX	124100516	124100621	STAG2	-0.22602	3334.96	0.0907883
chrX	130005077	130005173	BCORL1	-2.46614	712.739	0.119897
chrX	130005173	130005270	BCORL1	0.0259176	3984.12	0.0619377
chrX	130005270	130005367	BCORL1	0.8166	6890.56	0.0455054
chrX	130005367	130005464	BCORL1	-0.140924	3547.86	0.0571202
chrX	130012457	130012556	BCORL1	-0.139406	3556.12	0.0688336
chrX	130012556	130012655	BCORL1	-0.273056	3256.8	0.0564586
chrX	130012655	130012755	BCORL1	-0.268169	3252.13	0.0502818
chrX	130012755	130012854	BCORL1	-0.850358	2185.62	0.0658965
chrX	130012854	130012954	BCORL1	0.0578826	4092.14	0.0544549
chrX	130012954	130013053	BCORL1	0.591744	5905.95	0.0739839
chrX	130013053	130013152	BCORL1	0.17603	4452.15	0.0736735
chrX	130013152	130013252	BCORL1	0.550509	5759.94	0.0570368
chrX	130013252	130013351	BCORL1	0.440906	5327.77	0.0605923
chrX	130013351	130013451	BCORL1	-0.366387	3038.96	0.0765284
chrX	130013451	130013550	BCORL1	0.454752	5374.23	0.0544165
chrX	130013550	130013649	BCORL1	0.546965	5719.54	0.0645566
chrX	130013649	130013749	BCORL1	-0.582893	2579.96	0.13042
chrX	130013749	130013848	BCORL1	-0.634913	2518.78	0.163106
chrX	130013848	130013948	BCORL1	-1.5664	1330.58	0.192446
chrX	130013948	130014047	BCORL1	-0.918692	2076.26	0.154965
chrX	130014047	130014146	BCORL1	-0.630397	2506.05	0.119573
chrX	130014146	130014246	BCORL1	-0.181082	3465.79	0.0920688
chrX	130014246	130014345	BCORL1	0.726317	6486.8	0.0555789
chrX	130014345	130014445	BCORL1	-0.120787	3613.31	0.0636368
chrX	130014445	130014544	BCORL1	-0.542257	2710.93	0.0805089
chrX	130014544	130014644	BCORL1	-0.413812	2951.62	0.0879773
chrX	130014644	130014743	BCORL1	-0.403417	2965.67	0.0983064
chrX	130014743	130014842	BCORL1	0.779851	6743.5	0.0570266
chrX	130014842	130014942	BCORL1	0.628617	6084.79	0.0637694
chrX	130014942	130015041	BCORL1	-0.0615918	3771.3	0.0709685
chrX	130015041	130015141	BCORL1	0.233528	4639.38	0.049465
chrX	130015141	130015240	BCORL1	0.799816	6858.38	0.0474423
chrX	130015240	130015339	BCORL1	-0.42154	2942.59	0.0672397
chrX	130015339	130015439	BCORL1	0.373091	5133.14	0.0843254
chrX	130015439	130015538	BCORL1	0.361457	5085.88	0.0785346
chrX	130015538	130015638	BCORL1	-0.187442	3452.82	0.0708664
chrX	130015638	130015737	BCORL1	-0.257831	3285.59	0.0695286
chrX	130015737	130015836	BCORL1	-0.653609	2500.14	0.0498137
chrX	130015836	130015936	BCORL1	-1.33598	1558.62	0.0403084
chrX	130015936	130016035	BCORL1	0.750683	6619.81	0.035933
chrX	130016035	130016135	BCORL1	0.586616	5909.59	0.0503419
chrX	130016135	130016234	BCORL1	0.0143122	3969.26	0.0631183
chrX	130016234	130016334	BCORL1	-0.00979539	3904.49	0.0566134
chrX	130020943	130021057	BCORL1	-0.0606183	3762.54	0.0413706
chrX	130021057	130021171	BCORL1	-0.529249	2731.56	0.0935162
chrX	130021171	130021286	BCORL1	-2.37695	756.62	0.1171
chrX	130022790	130022884	BCORL1	-0.633248	2521.66	0.047735
chrX	130022884	130022978	BCORL1	0.493963	5543.92	0.047283
chrX	130022978	130023073	BCORL1	-0.519805	2734.81	0.051488
chrX	130024872	130024965	BCORL1	-0.131136	3593.62	0.0504739
chrX	130024965	130025058	BCORL1	0.200183	4513.14	0.0563359
chrX	130025058	130025151	BCORL1	-0.0260556	3868.1	0.0569106
chrX	130025151	130025244	BCORL1	-0.122609	3622.5	0.0509366
chrX	130025244	130025337	BCORL1	0.516744	5619.78	0.0454804
chrX	130025337	130025430	BCORL1	-0.269353	3256.87	0.0680077
chrX	130025430	130025523	BCORL1	-2.49183	704.616	0.0995433
chrX	130028513	130028605	BCORL1	-0.0514349	3792.78	0.0606337
chrX	130028605	130028698	BCORL1	-0.176514	3494.83	0.0585086
chrX	130028698	130028791	BCORL1	0.511312	5584.04	0.0482425
chrX	130028791	130028884	BCORL1	0.290206	4797.17	0.0413883
chrX	130028884	130028977	BCORL1	-3.16769	438.189	0.0930557
chrX	130034312	130034420	BCORL1	-2.31853	794.337	0.0911912
chrX	130034420	130034528	BCORL1	0.142995	4328.7	0.0525211
chrX	130034528	130034637	BCORL1	1.03963	8060.12	0.048784
chrX	130034637	130034745	BCORL1	0.314783	4927.19	0.072684
chrX	130034745	130034854	BCORL1	-2.33931	774.297	0.127479
chrX	130037335	130037433	BCORL1	0.562897	5805.32	0.0502104
chrX	130037433	130037532	BCORL1	0.284291	4784.68	0.0440066
chrX	130037532	130037631	BCORL1	-0.470302	2826.73	0.0671386
chrX	130039014	130039111	BCORL1	0.0206841	3974.97	0.0448936
chrX	130039111	130039208	BCORL1	0.0819356	4136.56	0.0632179
chrX	130039208	130039305	BCORL1	-0.265092	3262.21	0.0593486
chrX	130039305	130039403	BCORL1	0.0539101	4078.84	0.0569674
chrX	130050568	130050663	BCORL1	-2.46389	709.793	0.117662
chrX	130050663	130050759	BCORL1	0.23868	4641.73	0.0461876
chrX	130050759	130050855	BCORL1	0.987431	7765.03	0.0358867
chrX	130050855	130050951	BCORL1	-1.13251	1792.19	0.0664764
chrX	130051819	130051908	BCORL1	0.391701	5128.87	0.0699798
chrX	130051908	130051998	BCORL1	0.168709	4401.97	0.0766512
chrX	130051998	130052088	BCORL1	-0.941954	2050.09	0.091965
chrX	130052088	130052178	BCORL1	-2.68049	619.757	0.135257
chrX	130055751	130055845	BCORL1	-0.0624936	3731.01	0.05417
chrX	130055845	130055939	BCORL1	-0.139577	3561.7	0.0567179
chrX	130055939	130056034	BCORL1	0.108066	4244.94	0.0735
chrX	130056034	130056128	BCORL1	0.218235	4580.86	0.0697903
chrX	130056128	130056223	BCORL1	0.064343	4108.96	0.0490489
chrX	134377463	134377566	PHF6	-1.73719	1172.53	0.121287
chrX	134377566	134377670	PHF6	1.06413	8209.43	0.0677634
chrX	134377670	134377774	PHF6	1.04852	8129.31	0.0717363
chrX	134377774	134377878	PHF6	-0.422705	2926.64	0.128496
chrX	134377878	134377981	PHF6	0.248005	4660.16	0.119857
chrX	134377981	134378085	PHF6	1.39201	10307.7	0.0902741
chrX	134378085	134378189	PHF6	0.695124	6378.85	0.0967027
chrX	134378189	134378293	PHF6	-1.62569	1271.85	0.17249
chrX	134393375	134393470	PHF6	-2.43108	731.127	0.133258
chrX	134393470	134393566	PHF6	0.384302	5135.34	0.0614171
chrX	134393566	134393661	PHF6	0.463376	5424.22	0.0664323
chrX	134393661	134393757	PHF6	-1.92739	1040.02	0.150855
chrX	134393773	134393877	PHF6	-2.17455	857.02	0.214215
chrX	134393877	134393982	PHF6	-0.750616	2274.27	0.132512
chrX	134413378	134413481	PHF6	0.038588	4039.17	0.061246
chrX	134413481	134413585	PHF6	1.01848	7978.18	0.0524548
chrX	134413585	134413689	PHF6	0.399791	5207.2	0.0849483
chrX	134413689	134413793	PHF6	-1.03157	1920.82	0.123467
chrX	134413793	134413897	PHF6	0.322072	4907.12	0.0617526
chrX	134413897	134414001	PHF6	0.282441	4793.6	0.0619616
chrX	134414001	134414105	PHF6	-1.95876	1016.7	0.10867
chrX	134414893	134414995	PHF6	-2.32146	780.951	0.166196
chrX	134414995	134415098	PHF6	0.0882391	4149.31	0.090208
chrX	134415098	134415200	PHF6	0.490308	5534.01	0.0909035
chrX	134415200	134415303	PHF6	0.0699919	4123.49	0.0964491
chrX	134417055	134417161	PHF6	-0.559621	2670.95	0.0634722
chrX	134417161	134417267	PHF6	1.28646	9564	0.0495977
chrX	134417267	134417373	PHF6	0.728275	6490.39	0.0677423
chrX	134417373	134417480	PHF6	-1.84321	1081.98	0.159301
chrX	134424910	134425011	PHF6	-2.5757	655.524	0.126402
chrX	134425011	134425113	PHF6	-0.254709	3290.95	0.0700434
chrX	134425113	134425215	PHF6	0.704292	6400.21	0.0552673
chrX	134425215	134425316	PHF6	0.975161	7741.22	0.0528247
chrX	134425316	134425418	PHF6	0.369538	5059.3	0.054417
chrX	134425418	134425520	PHF6	-2.31049	790.319	0.12511
